specimen,pausa_s,peso_rottura_kg,pixel_row,pixel_col,pixel_id,T1_px,T2_px,T3_px,T4_px,T5_px,T6_px,delta_T_px,T_mean_px,T_std_px,T_max_px,T_min_px,fit_ok,fit_error,T0,A,alpha,T_inf,t_star,heating_rate_t0,sigma_T0,sigma_A,sigma_alpha,bed_temp_C,bed_temp_std_C
Rec-022_10s_1,10,2.5,0,0,0,115.11999999999999,116.35272727272728,119.73666666666665,121.31142857142856,122.03500000000001,119.80071428571429,4.680714285714302,119.0594227994228,2.748782081721126,122.03500000000001,115.11999999999999,True,,111.90896397768107,9.421045447602127,0.012987829921337905,121.3300094252832,243.7491275792212,0.12235893595465117,17.025852103314158,13.36040362885221,0.05612762616699652,68.711,1.303
Rec-022_10s_1,10,2.5,0,1,1,105.79272727272728,108.11363636363639,110.54600000000002,112.27857142857144,112.81,111.89214285714287,6.0994155844155955,110.23884632034634,2.7525818617701026,112.81,105.79272727272728,True,,102.74460427468176,10.32660556716769,0.01141264009149868,113.07120984184945,274.1047220376913,0.11785383270495144,8.472674700993634,6.574326777511996,0.026709566570166227,68.711,1.303
Rec-022_10s_1,10,2.5,0,2,2,100.16818181818184,103.02999999999999,104.86666666666666,106.30785714285715,106.92916666666663,106.50214285714284,6.333961038961007,104.63400252525253,2.6126625234791643,106.92916666666663,100.16818181818184,True,,97.13247933730966,10.245322401136418,0.011682189864835893,107.37780173844608,269.1019512774758,0.119687801516532,6.559529327856041,5.107643806189935,0.01949111253469814,68.711,1.303
Rec-022_10s_1,10,2.5,0,3,3,96.32272727272729,99.42909090909092,101.104,102.35500000000002,102.58583333333331,102.58714285714287,6.264415584415573,100.73063239538241,2.481532305200803,102.58714285714287,96.32272727272729,True,,92.92647634968652,10.166764081006418,0.01359535819066866,103.09324043069294,241.82266805728872,0.13822079932130654,6.6776785616769345,5.40344379113202,0.01879509876818957,68.711,1.303
Rec-022_10s_1,10,2.5,0,4,4,93.60727272727273,97.06090909090909,98.24666666666667,99.91214285714285,99.37583333333333,100.2992857142857,6.692012987012973,98.08368506493507,2.49129253180498,100.2992857142857,93.60727272727273,True,,90.03196539893946,10.584157533048527,0.013957608474470145,100.61612293198799,240.31312213010807,0.14772952687840515,7.622016609467113,6.094039186512191,0.02136886633420641,68.711,1.303
Rec-022_10s_1,10,2.5,1,0,5,97.35909090909091,100.95727272727272,102.76866666666665,104.02214285714285,104.62333333333333,104.67999999999999,7.320909090909083,102.40175108225107,2.8425721352236057,104.67999999999999,97.35909090909091,True,,93.83854067864601,11.44482219508101,0.012487090462433445,105.28336287372701,265.9583643254666,0.14291253007644267,6.543951324959174,5.006350983492912,0.018731784836406935,68.711,1.303
Rec-022_10s_1,10,2.5,1,1,6,94.54545454545455,98.09818181818181,99.946,101.15285714285713,101.6825,101.88857142857145,7.343116883116906,99.55226082251083,2.824735745824651,101.88857142857145,94.54545454545455,True,,91.02752652576824,11.407146699443972,0.012498198754997594,102.43467322521221,265.5293015473602,0.14256878667706557,5.547734882781375,4.281450457538884,0.014813449993246781,68.711,1.303
Rec-022_10s_1,10,2.5,1,2,7,92.27636363636363,95.7781818181818,97.55733333333332,98.90642857142859,99.24083333333334,99.48500000000001,7.208636363636387,97.20735678210679,2.781699068014255,99.48500000000001,92.27636363636363,True,,88.75880488118099,11.270535369878232,0.01262203670072273,100.02934025105922,262.75073743079975,0.14225711107539665,5.223976067412445,4.142840715962723,0.01307200745698884,68.711,1.303
Rec-022_10s_1,10,2.5,1,3,8,90.49818181818182,94.34909090909092,95.786,96.92642857142856,97.20666666666665,97.66357142857144,7.165389610389624,95.40498989898991,2.6832391712543946,97.66357142857144,90.49818181818182,True,,86.69066656029125,11.177808727806468,0.01433733472208194,97.86847528809771,239.62688043387152,0.16025998518997023,5.7297257520226115,4.80990952901485,0.013438372348978572,68.711,1.303
Rec-022_10s_1,10,2.5,1,4,9,89.16636363636363,92.91727272727272,94.12133333333333,95.76571428571428,95.26083333333334,96.57857142857142,7.412207792207795,93.96834812409811,2.679609218476801,96.57857142857142,89.16636363636363,True,,85.63246420200316,11.210915618595717,0.013010302191500058,96.84337982059888,256.8305311004267,0.1458574000413381,6.276954268799544,5.046125728460231,0.015360806354093868,68.711,1.303
Rec-022_10s_1,10,2.5,2,0,10,90.15545454545453,93.80636363636364,95.78466666666667,97.16142857142856,97.47583333333334,98.0907142857143,7.935259740259767,95.41241017316018,2.9947833398002124,98.0907142857143,90.15545454545453,True,,86.65915729327843,12.004029411590837,0.011678537080577306,98.66318670486926,282.72449398409447,0.14018950259960417,5.402629022977771,4.16094331620444,0.01398786626444023,68.711,1.303
Rec-022_10s_1,10,2.5,2,1,11,88.87181818181817,92.57363636363637,94.55533333333334,95.92,96.16416666666667,96.69499999999998,7.8231818181818085,94.12999242424242,2.972299152963268,96.69499999999998,88.87181818181817,True,,85.15681697499902,12.025322306515763,0.012476112793189956,97.18213928151478,270.08763893816024,0.15002927747055386,5.3532841039177885,4.226241764199084,0.012486866225250415,68.711,1.303
Rec-022_10s_1,10,2.5,2,2,12,87.68636363636364,91.48636363636365,93.39800000000001,94.9507142857143,94.94333333333334,95.61000000000001,7.923636363636376,93.01246248196249,3.002573204252491,95.61000000000001,87.68636363636364,True,,83.8360041865812,12.201190268035242,0.012777415189514465,96.03719445461645,266.72265264837307,0.15589967386094958,5.249532501938819,4.242270592989267,0.011343165163971582,68.711,1.303
Rec-022_10s_1,10,2.5,2,3,13,86.99363636363637,90.79454545454546,92.49266666666668,93.82785714285714,93.94916666666666,94.75571428571432,7.76207792207795,92.13559776334779,2.876924437595965,94.75571428571432,86.99363636363637,True,,83.4042019944048,11.6512244266709,0.012634739349518306,95.05542642107571,265.19540161740656,0.14721018373372768,5.582462910119158,4.54100643405782,0.011988774127015534,68.711,1.303
Rec-022_10s_1,10,2.5,2,4,14,86.20636363636365,90.00727272727273,91.69666666666666,93.28285714285714,92.8633333333333,94.29142857142858,8.085064935064935,91.39132034632034,2.93421068347838,94.29142857142858,86.20636363636365,True,,82.65421161678468,12.054449216185922,0.01191573314728801,94.7086608329706,279.1357283348025,0.14363760009760657,5.755059026045323,4.5476408994815625,0.012689644331374246,68.711,1.303
Rec-024_90s_1,90,1.75,0,0,0,107.13923076923076,116.93000000000002,117.023,117.55285714285715,116.45555555555555,122.54307692307692,15.40384615384616,116.2739533984534,5.00809563338049,122.54307692307692,107.13923076923076,True,,84.75199846450508,33.95004839724737,0.03761683403650789,118.70204686175245,146.50768662216583,1.277093336090665,66.72957576735736,64.59440191852677,0.07008679139784602,65.416,2.467
Rec-024_90s_1,90,1.75,0,1,1,98.99692307692308,108.20785714285715,109.101,109.52642857142858,109.64222222222223,113.40076923076926,14.403846153846175,108.14586670736672,4.8244859496453465,113.40076923076926,98.99692307692308,True,,82.31593066244567,28.410850601919286,0.03096008322234124,110.72678126436494,165.96477550709102,0.8796022990529248,24.583085349672714,23.332962664722746,0.029256615230623062,65.416,2.467
Rec-024_90s_1,90,1.75,0,2,2,94.1123076923077,102.47,104.15899999999999,104.52571428571427,104.63777777777779,107.80538461538464,13.693076923076944,102.9516973951974,4.66268373663107,107.80538461538464,94.1123076923077,True,,82.67711763751554,23.259958556311474,0.023940570653706337,105.93707619382701,195.53089853074283,0.5568566812196561,13.538326523286393,12.754547002561727,0.016801119478651254,65.416,2.467
Rec-024_90s_1,90,1.75,0,3,3,90.72923076923077,98.5942857142857,100.14599999999999,100.95857142857143,101.43888888888888,103.79846153846155,13.069230769230785,99.27757305657305,4.521740309418856,103.79846153846155,90.72923076923077,True,,82.40107907538584,20.215614781878244,0.01942182581867925,102.61669385726408,223.03084274199665,0.3926241491111568,10.4938549047474,9.760921812354516,0.013081066335652147,65.416,2.467
Rec-024_90s_1,90,1.75,0,4,4,88.56076923076924,95.76500000000001,97.649,98.59500000000001,99.2688888888889,101.33307692307692,12.772307692307677,96.86195584045585,4.461393106370496,101.33307692307692,88.56076923076924,True,,83.76118774691776,17.554437241378235,0.012425096285312914,101.315624988296,301.31263185232564,0.2181155729586074,7.436567038685957,6.113414297734973,0.010291725256151288,65.416,2.467
Rec-024_90s_1,90,1.75,1,0,5,91.14923076923075,99.02214285714285,100.09,102.12142857142855,102.28555555555555,104.96769230769232,13.818461538461563,99.93934167684166,4.76823938619419,104.96769230769232,91.14923076923075,True,,82.86906899621567,21.009534491220236,0.017921804086148182,103.87860348743591,239.36249964779157,0.376528761092822,9.390278450203265,8.34231701690812,0.01325958380732894,65.416,2.467
Rec-024_90s_1,90,1.75,1,1,6,88.47615384615386,96.19214285714285,97.486,99.44714285714284,99.69222222222223,102.16846153846153,13.692307692307665,97.24368722018721,4.756848641309831,102.16846153846153,88.47615384615386,True,,80.9039160743684,20.35585501993209,0.017071084355567104,101.25977109430049,246.59054731885007,0.3474965181749548,8.421421376640136,7.619264110809159,0.010349178079244955,65.416,2.467
Rec-024_90s_1,90,1.75,1,2,7,86.05461538461539,93.51642857142858,95.532,97.15928571428572,97.64444444444445,99.58076923076925,13.52615384615386,94.91459055759056,4.797899403383751,99.58076923076925,86.05461538461539,True,,79.44380130937463,19.800647602730113,0.015087039602312167,99.24444891210474,268.9967158161109,0.29873315453381666,7.452766422617011,6.582904900207811,0.00898252603229862,65.416,2.467
Rec-024_90s_1,90,1.75,1,3,8,84.30230769230769,91.73357142857144,93.85000000000002,95.57071428571427,96.19777777777777,97.70384615384616,13.401538461538465,93.22636955636956,4.82968440052542,97.70384615384616,84.30230769230769,True,,78.14669911888379,19.532563785833325,0.01426335742478349,97.67926290471712,279.63894557089776,0.2785999386997229,7.21722279899212,6.320969906094563,0.008351386725907595,65.416,2.467
Rec-024_90s_1,90,1.75,1,4,9,83.09,90.25928571428572,92.49300000000001,94.67999999999999,95.23111111111113,96.65923076923076,13.569230769230757,92.06877126577126,4.93890207790775,96.65923076923076,83.09,True,,77.84897657781929,19.411969037634577,0.011873064666846116,97.26094561545386,319.9658802166553,0.2304795636946499,6.415049715630976,5.267948600418498,0.007431572917015098,65.416,2.467
Rec-024_90s_1,90,1.75,2,0,10,83.34230769230768,90.68571428571428,92.602,95.14428571428572,95.59222222222223,97.28538461538461,13.94307692307693,92.44198575498577,5.0318816016917784,97.28538461538461,83.34230769230768,True,,76.6496641432951,20.5841951638648,0.014223443789396993,97.23385930715989,283.9135570579069,0.29277814286320836,6.959928927359808,5.957466310111632,0.008933816721771877,65.416,2.467
Rec-024_90s_1,90,1.75,2,1,11,81.66923076923078,89.28857142857143,91.407,94.02000000000001,94.50666666666667,96.20000000000002,14.530769230769238,91.18191147741148,5.261491263708397,96.20000000000002,81.66923076923078,True,,75.09040649472017,21.193064783439443,0.013671882929626247,96.28347127815961,294.6067332699458,0.2897491006391689,6.7527205844781495,5.767965601103002,0.007767822602037234,65.416,2.467
Rec-024_90s_1,90,1.75,2,2,12,80.54384615384613,88.05000000000003,90.43,92.70285714285714,93.78333333333333,95.07153846153845,14.52769230769232,90.09692918192918,5.304515513728704,95.07153846153845,80.54384615384613,True,,74.83574303961012,20.818822951356356,0.01214428873498691,95.65456599096647,320.4411553078496,0.2528297970438439,6.295148433027343,5.207762194473981,0.006828922698694916,65.416,2.467
Rec-024_90s_1,90,1.75,2,3,13,79.79230769230769,87.11857142857141,89.72300000000001,92.12071428571429,93.24111111111112,94.44692307692307,14.654615384615383,89.40710459910458,5.389704023239492,94.44692307692307,79.79230769230769,True,,74.38331880868745,20.98942856605816,0.011306768065622292,95.37274737474561,338.5789614392365,0.2373226006263667,6.126510812516283,4.933948145856761,0.006332670529237837,65.416,2.467
Rec-024_90s_1,90,1.75,2,4,14,79.33307692307692,86.38285714285715,89.236,91.8107142857143,92.64,93.82076923076922,14.4876923076923,88.8705695970696,5.378541659351078,93.82076923076922,79.33307692307692,True,,73.77342544513866,21.047003630169844,0.011234593230194958,94.8204290753085,340.42792782208335,0.23645452449939483,6.164910006206916,4.965492800057335,0.006467398141282644,65.416,2.467
Rec-025_30s_1,30,1.75,0,0,0,109.588,115.0276923076923,116.51583333333332,120.09249999999999,121.75076923076925,122.895,13.307000000000002,117.6449658119658,4.968916645238532,122.895,109.588,True,,106.35477948246987,20.545289345577682,0.00647291083296731,126.90006882804755,501.9489782998906,0.13298782597143763,9.196801884548893,19.775993602535145,0.01834736012849665,67.051,1.965
Rec-025_30s_1,30,1.75,0,1,1,100.85099999999998,107.17999999999999,108.42083333333333,111.45083333333334,113.06615384615384,113.84916666666668,12.998166666666691,109.13633119658118,4.816578170159624,113.84916666666668,100.85099999999998,True,,96.69198039460908,18.841978537496658,0.009392817996903556,115.53395893210573,376.3349855526332,0.17697927510426914,5.846237957084625,5.446202129621048,0.011854517109566198,67.051,1.965
Rec-025_30s_1,30,1.75,0,2,2,95.533,102.0023076923077,103.40083333333332,105.88666666666666,107.76461538461538,107.92500000000001,12.39200000000001,103.75207051282052,4.664944054802221,107.92500000000001,95.533,True,,90.94709846188047,18.326532306000647,0.010734438222610625,109.27363076788112,339.153318966843,0.1967250288734418,4.224307186388722,3.378789350768605,0.009235024853319163,67.051,1.965
Rec-025_30s_1,30,1.75,0,3,3,91.73300000000002,98.28846153846153,100.0075,101.99916666666667,103.62923076923076,103.85333333333331,12.120333333333292,99.91844871794872,4.5442043660231635,103.85333333333331,91.73300000000002,True,,87.17919599717737,18.021573860054186,0.010868569331867226,105.20076985723156,334.5663943872495,0.195868724967365,4.3301281562883975,3.389882622458695,0.009345221849766865,67.051,1.965
Rec-025_30s_1,30,1.75,0,4,4,89.128,95.40692307692308,97.97583333333331,99.05916666666667,100.83307692307692,100.55166666666666,11.423666666666662,97.1591111111111,4.4012183057343925,100.83307692307692,89.128,True,,84.11541234882732,17.843368371559567,0.01217431210008127,101.95878072038688,307.18560886682303,0.21723073547208505,4.630880026413839,3.186444578997101,0.01097866706797417,67.051,1.965
Rec-025_30s_1,30,1.75,1,0,5,92.928,98.91384615384617,101.22999999999998,103.22083333333332,105.67692307692307,105.79833333333333,12.870333333333335,101.29465598290597,4.875877396324204,105.79833333333333,92.928,True,,88.50672817345135,19.33774329585238,0.009576181448262002,107.84447146930373,373.85999025584135,0.18518173860099446,3.3337154208407695,2.9575575967227477,0.007790254337682972,67.051,1.965
Rec-025_30s_1,30,1.75,1,1,6,90.15700000000001,96.32461538461538,98.5175,100.50750000000001,102.54461538461538,102.90333333333331,12.746333333333297,98.49242735042735,4.7773679721921,102.90333333333331,90.15700000000001,True,,85.55575524396502,18.840166509691226,0.010351261522184445,104.39592175365625,350.8666926399228,0.1950194906633148,2.6942461487411773,2.084529161938782,0.006160761781474839,67.051,1.965
Rec-025_30s_1,30,1.75,1,2,7,87.71600000000001,94.15461538461538,96.21,98.11,99.99846153846154,100.19000000000001,12.474000000000004,96.06317948717948,4.691399474946742,100.19000000000001,87.71600000000001,True,,82.77083102758094,18.54033530156981,0.01150864855215877,101.31116632915075,323.39686266375475,0.21337420302494955,2.877263475304247,2.1137579264685966,0.0060312705016884885,67.051,1.965
Rec-025_30s_1,30,1.75,1,3,8,85.599,92.15153846153848,94.71833333333335,96.39166666666667,97.95461538461538,98.20083333333334,12.601833333333332,94.1693311965812,4.761168522353753,98.20083333333334,85.599,True,,80.47396231576805,18.85425645752283,0.011765434099179883,99.32821877329087,319.6412449999266,0.2218285118400216,3.3613167787878235,2.503041525055272,0.006557452980577452,67.051,1.965
Rec-025_30s_1,30,1.75,1,4,9,84.513,90.52230769230769,93.54416666666667,94.80833333333332,96.82615384615384,96.25583333333331,11.742833333333309,92.74496581196581,4.617011247628441,96.82615384615384,84.513,True,,79.79541064232555,18.724146439834865,0.010711189684934817,98.51955708216042,341.6909233490285,0.20055788420556817,3.76993733364962,3.042075532210778,0.007727892722936941,67.051,1.965
Rec-025_30s_1,30,1.75,2,0,10,85.762,91.56615384615385,94.31083333333333,96.075,98.53846153846152,98.38166666666666,12.61966666666666,94.10568589743589,4.856338380345299,98.53846153846152,85.762,True,,81.29560220972199,19.54158645410094,0.009534067807704818,100.83718866382293,376.1489601222649,0.18631081032352434,2.9980462765281444,2.39106974853594,0.006175814196192006,67.051,1.965
Rec-025_30s_1,30,1.75,2,1,11,84.13300000000001,90.39769230769231,92.90916666666668,94.8075,97.03461538461539,97.20666666666666,13.073666666666654,92.74810683760684,4.9449866738858885,97.20666666666666,84.13300000000001,True,,79.43926490472126,19.542019703101328,0.010161648594431824,98.98128460782259,359.193791373127,0.19857913704837862,2.820518021885739,2.1235872819446366,0.005392586665766142,67.051,1.965
Rec-025_30s_1,30,1.75,2,2,12,82.831,89.31076923076924,92.05000000000001,93.72416666666665,95.7823076923077,95.84833333333331,13.017333333333312,91.59109615384615,4.9475262630118415,95.84833333333331,82.831,True,,77.79510636755018,19.544510200314114,0.011072344842002963,97.33961656786428,337.4134770180458,0.2164035567059223,3.2319179094401105,2.4581625157067424,0.0052511965968843315,67.051,1.965
Rec-025_30s_1,30,1.75,2,3,13,81.91,88.30846153846156,91.19,92.90916666666668,94.94692307692308,94.71833333333332,12.808333333333323,90.66381410256412,4.945292214989301,94.94692307692308,81.91,True,,76.98835460102336,19.571666042801894,0.01074051356214643,96.56002064382525,345.13426045388564,0.2102097445665145,3.5093702338345527,2.7984458457885033,0.0057654784377575005,67.051,1.965
Rec-025_30s_1,30,1.75,2,4,14,81.41899999999998,87.43153846153845,90.78166666666665,91.95833333333333,94.40538461538462,93.95,12.53100000000002,89.99098717948716,4.892566895212465,94.40538461538462,81.41899999999998,True,,76.83370180869728,19.855691298114973,0.00970051854016529,96.68939310681226,373.1226735357257,0.1926105015651629,3.6928874391861997,3.2876206099119702,0.006696252226320013,67.051,1.965
Rec-026_60s_2,60,2.0,0,0,0,105.99,110.26846153846152,114.03800000000001,116.1557142857143,117.16428571428573,118.47636363636364,12.486363636363649,113.68213752913753,4.736609410873319,118.47636363636364,105.99,True,,101.91619084732989,18.470703243063305,0.0084989425194059,120.38689409039318,401.807753858426,0.15698144515579915,12.473113526723996,10.884796358172302,0.020079500850582205,64.007,2.429
Rec-026_60s_2,60,2.0,0,1,1,96.96272727272729,102.75384615384617,106.44200000000001,108.05428571428571,109.48785714285715,110.57909090909092,13.61636363636363,105.71330119880122,5.084590656541991,110.57909090909092,96.96272727272729,True,,91.62180498410751,19.869036392214937,0.010996020650548648,111.49084137632245,340.6240781430545,0.21848033447529808,6.966427608894786,5.239106926115241,0.01072076958531174,64.007,2.429
Rec-026_60s_2,60,2.0,0,2,2,91.9309090909091,98.41307692307693,101.71800000000002,103.55499999999999,104.79642857142858,105.94272727272728,14.011818181818185,101.05935697635698,5.192425506638304,105.94272727272728,91.9309090909091,True,,85.91816432212194,20.576927084540902,0.012195777076491348,106.49509140666284,318.4769218947775,0.25095161564227786,5.135883783516237,3.94242628761535,0.00783323983815556,64.007,2.429
Rec-026_60s_2,60,2.0,0,3,3,88.57545454545453,95.32461538461538,98.51700000000001,99.91214285714285,101.30642857142857,102.53818181818183,13.962727272727292,97.69563719613718,5.11615212803014,102.53818181818183,88.57545454545453,True,,82.14411808320939,20.61207164036578,0.01320101244552897,102.75618972357518,300.35452498849907,0.2721002142526034,4.472964804229094,3.496340725422555,0.007044610736359869,64.007,2.429
Rec-026_60s_2,60,2.0,0,4,4,86.35454545454546,93.27846153846153,96.293,97.23714285714287,98.98142857142857,100.12000000000002,13.76545454545456,95.37742973692974,5.011899647176048,100.12000000000002,86.35454545454546,True,,79.46024365540092,20.773643918263044,0.014214147690888737,100.23388757366396,284.6977761907699,0.2952796427321235,4.6240257506553055,3.788518881623746,0.007062096276154327,64.007,2.429
Rec-026_60s_2,60,2.0,1,0,5,89.16545454545455,94.94769230769232,99.005,100.45357142857142,102.2757142857143,102.83363636363637,13.668181818181822,98.11351148851149,5.21467692945281,102.83363636363637,89.16545454545455,True,,83.47533722961623,20.493873722035158,0.011306268774016208,103.96921095165139,336.47676298901456,0.23170924452207742,3.6847515044367376,2.8747021732491733,0.005715881880344641,64.007,2.429
Rec-026_60s_2,60,2.0,1,1,6,86.40454545454546,92.85923076923076,96.61699999999999,98.09142857142858,99.83500000000001,100.66272727272727,14.25818181818181,95.74498867798867,5.343220147774744,100.66272727272727,86.40454545454546,True,,80.3103089390763,21.11804217835264,0.011968075649713118,101.42835111742893,325.1302882772176,0.2527423263643568,3.3151611297752184,2.5480735096327747,0.004938533392713701,64.007,2.429
Rec-026_60s_2,60,2.0,1,2,7,84.08363636363634,90.73076923076925,94.611,96.15214285714288,97.58642857142856,98.59,14.506363636363659,93.62566283716285,5.42433364566939,98.59,84.08363636363634,True,,77.61625302692092,21.546892931184704,0.012513346827815523,99.16314595810562,316.1297206262555,0.2696237443097208,2.80776833490901,2.133241513867615,0.004278792564843304,64.007,2.429
Rec-026_60s_2,60,2.0,1,3,8,82.25909090909092,89.26923076923079,92.928,94.36785714285713,96.03714285714287,96.86545454545454,14.606363636363625,91.9544627039627,5.454705683516431,96.86545454545454,82.25909090909092,True,,75.39127814806653,21.986489745114035,0.013193328136719015,97.37776789318056,305.3780492192767,0.2900749737818971,3.3777638842499655,2.7294040261217987,0.004479047590208804,64.007,2.429
Rec-026_60s_2,60,2.0,1,4,9,81.27181818181818,88.39307692307692,91.67900000000002,92.97571428571429,94.9107142857143,95.77818181818184,14.506363636363659,90.83475091575092,5.362069031789791,95.77818181818184,81.27181818181818,True,,74.37150990405169,21.867728956969422,0.013405151251029998,96.23923886102111,301.3367290575349,0.29314021418470354,3.8914651754170926,3.1932715766402695,0.005103955009020478,64.007,2.429
Rec-026_60s_2,60,2.0,2,0,10,81.71636363636364,88.18384615384615,92.114,93.94285714285714,95.68785714285717,96.27090909090909,14.554545454545448,91.31930552780553,5.534704723770652,96.27090909090909,81.71636363636364,True,,75.49903987845458,21.851135911542702,0.011697930016127747,97.35017578999728,333.6041671742264,0.25561305866612233,2.7501257816062297,2.1770134114379265,0.004163396700046316,64.007,2.429
Rec-026_60s_2,60,2.0,2,1,11,80.13727272727272,86.9723076923077,91.13699999999999,92.7807142857143,94.60142857142856,95.33363636363637,15.196363636363657,90.16039327339327,5.743377345249008,95.33363636363637,80.13727272727272,True,,73.46970816106042,22.772865134080256,0.01211079378003948,96.24257329514069,328.50697203763804,0.2757974734194971,2.6399488662497648,2.074084360613228,0.003667454684082847,64.007,2.429
Rec-026_60s_2,60,2.0,2,2,12,78.90363636363637,86.05615384615385,90.104,91.88857142857144,93.51785714285714,94.34818181818181,15.444545454545448,89.13640009990011,5.814944569868903,94.34818181818181,78.90363636363637,True,,71.93779622333467,23.166294332148542,0.012552033541810042,95.10409055548321,321.17460929803786,0.29078410349657235,2.9088773574531994,2.330750678173364,0.003682575367290754,64.007,2.429
Rec-026_60s_2,60,2.0,2,3,13,78.21181818181816,85.42692307692307,89.399,91.11214285714289,92.81857142857143,93.85636363636364,15.64454545454548,88.4708031968032,5.835367239068483,93.85636363636364,78.21181818181816,True,,71.34676691145404,23.207192030390075,0.01237033562185606,94.55395894184412,324.8559345511809,0.2870807542567884,3.1946948891486184,2.57414388301721,0.0038730096038800082,64.007,2.429
Rec-026_60s_2,60,2.0,2,4,14,77.86818181818181,84.96846153846155,88.74800000000002,90.18214285714284,92.31500000000001,93.41181818181818,15.543636363636367,87.91560073260074,5.745075772820073,93.41181818181818,77.86818181818181,True,,71.26763783225782,22.88007308459505,0.012066645864243204,94.14771091685287,329.7954461406218,0.2760857392598111,3.7131162436154392,2.949697944032228,0.004410426623913361,64.007,2.429
Rec-028_30s_2,30,1.75,0,0,0,105.84214285714286,112.16285714285713,115.51454545454546,115.8835714285714,117.13400000000001,116.99,11.147857142857134,113.92118614718613,4.347233662016777,117.13400000000001,105.84214285714286,True,,98.16089815922155,19.109074661280538,0.017188074083700836,117.26997282050209,241.63222013746852,0.3284481909490603,18.235134706466706,16.21017659413729,0.025113371054850116,64.356,1.958
Rec-028_30s_2,30,1.75,0,1,1,98.78928571428573,104.91285714285713,107.37363636363638,108.40214285714286,109.425,109.35153846153845,10.562252747252728,106.37574342324342,4.073077058101767,109.425,98.78928571428573,True,,91.73350179452231,17.851836248291754,0.016945147220226248,109.58533804281407,240.23994619078448,0.30250199337867517,8.982810252554287,7.806918036976913,0.014211009646652947,64.356,1.958
Rec-028_30s_2,30,1.75,0,2,2,94.64142857142858,100.26214285714285,102.73363636363638,103.59428571428573,104.703,104.46538461538461,9.82395604395603,101.73331302031302,3.8263896508892095,104.703,94.64142857142858,True,,88.20221190696222,16.62780142314514,0.016461775455450658,104.83001333010736,241.22127854813138,0.2737231333456382,6.951528566876982,5.8993334591193625,0.012176006789436223,64.356,1.958
Rec-028_30s_2,30,1.75,0,3,3,91.38428571428571,96.73357142857144,99.28181818181817,100.2235714285714,101.33800000000001,101.00153846153847,9.617252747252763,98.32713086913087,3.7806939598120963,101.33800000000001,91.38428571428571,True,,85.4210524375653,16.161572020895857,0.015444148277663914,101.58262445846115,251.14236316207746,0.24960171469086007,6.5432460248778055,5.465569370893663,0.011341292827181257,64.356,1.958
Rec-028_30s_2,30,1.75,0,4,4,88.78571428571429,94.02071428571428,97.11090909090909,97.93499999999999,99.004,98.20461538461538,9.418901098901088,95.84349217449217,3.86469173704187,99.004,88.78571428571429,True,,82.3107585114549,16.954347732022935,0.015974856025287056,99.26510624347785,247.91169792097256,0.27084326402171854,8.235666886802006,6.982334972190581,0.01313603969218841,64.356,1.958
Rec-028_30s_2,30,1.75,1,0,5,90.99571428571427,96.34642857142858,99.37909090909092,100.99714285714286,101.446,101.79384615384616,10.79813186813189,98.49303712953713,4.183031074492146,101.79384615384616,90.99571428571427,True,,85.11771898686037,17.291397086520472,0.01375565028888688,102.40911607338084,278.46536355571845,0.23785441132845309,5.193550587401376,4.271194711092864,0.008094366476952183,64.356,1.958
Rec-028_30s_2,30,1.75,1,1,6,88.74642857142855,94.36857142857143,97.21,98.51785714285714,99.43900000000001,99.62307692307692,10.87664835164837,96.31748901098901,4.18158281044004,99.62307692307692,88.74642857142855,True,,82.69887165216161,17.392893733617576,0.01430163270867253,100.09176538577918,270.9654828268252,0.24874677791917063,4.454485618530841,3.8378964046453383,0.006040262042971296,64.356,1.958
Rec-028_30s_2,30,1.75,1,2,7,86.61571428571429,92.16,95.0381818181818,96.5,97.37599999999999,97.32615384615384,10.710439560439553,94.16934165834165,4.184010344695429,97.37599999999999,86.61571428571429,True,,80.51535021083,17.428452536628335,0.014295191215617589,97.94380274745834,271.1989372401706,0.24914306160341745,4.900804225748827,4.2254794491786125,0.006393684405731128,64.356,1.958
Rec-028_30s_2,30,1.75,1,3,8,84.86999999999999,90.49285714285713,93.55999999999999,94.79642857142858,95.804,95.6576923076923,10.78769230769231,92.530163003663,4.231422562258999,95.804,84.86999999999999,True,,78.52143641002152,17.811411783200118,0.014580326057700693,96.33284819322164,268.7406184689465,0.2596961913470298,5.674117268863496,4.8890567539821435,0.007465473947295211,64.356,1.958
Rec-028_30s_2,30,1.75,1,4,9,83.59214285714287,89.13571428571429,92.32727272727271,93.78714285714285,94.936,94.19538461538461,10.603241758241737,91.32894289044287,4.311266291041477,94.936,83.59214285714287,True,,77.41134561897498,18.122216288924776,0.013807370222785631,95.53356190789975,281.092956531567,0.2502201495585807,6.776083704428438,5.5731886136132305,0.009584394744820918,64.356,1.958
Rec-028_30s_2,30,1.75,2,0,10,83.8242857142857,89.52285714285713,92.72272727272728,94.56357142857145,95.151,95.5323076923077,11.708021978022003,91.88612487512488,4.5255047754963815,95.5323076923077,83.8242857142857,True,,77.73087691518293,18.512454588479738,0.013229764270200995,96.24333150366267,291.74565752934114,0.2449154102683877,4.83702265459274,3.978826601315635,0.006802424028802696,64.356,1.958
Rec-028_30s_2,30,1.75,2,1,11,82.66000000000001,88.43714285714286,91.48545454545454,93.28428571428572,94.121,94.65538461538463,11.995384615384623,90.77387795537796,4.5688763320294035,94.65538461538463,82.66000000000001,True,,76.82910505934433,18.48264710525539,0.012699556169262433,95.31175216459971,300.5784360892771,0.2347214150698465,4.843253530917,4.044113892614618,0.006016360478464941,64.356,1.958
Rec-028_30s_2,30,1.75,2,2,12,81.65285714285714,87.46857142857141,90.5481818181818,92.42999999999999,93.30699999999999,93.32,11.66714285714285,89.7877683982684,4.560191295964229,93.32,81.65285714285714,True,,75.38585448135005,18.657318344023782,0.013540631880204988,94.04317282537383,287.3386435256075,0.25263187956822175,5.2238238522953,4.502567973192029,0.006181817914322657,64.356,1.958
Rec-028_30s_2,30,1.75,2,3,13,80.91642857142857,86.69285714285714,89.90636363636364,91.77142857142857,92.76500000000001,92.65153846153846,11.735109890109896,89.11726939726941,4.617267417830894,92.76500000000001,80.91642857142857,True,,74.64328213251234,18.872973412229342,0.013314743112772505,93.51625554474168,291.8130828987612,0.25128879275801924,5.341114600881042,4.526507719904831,0.006490806943350995,64.356,1.958
Rec-028_30s_2,30,1.75,2,4,14,80.21785714285716,85.91642857142858,89.56181818181818,91.22785714285713,92.385,91.85923076923078,11.641373626373621,88.52803196803198,4.694897990143886,92.385,80.21785714285716,True,,73.78304365109712,19.513422454519205,0.013092391470271787,93.29646610561632,298.0316633191134,0.2554773656993572,6.156336986465853,5.049075447614814,0.007606058054241464,64.356,1.958
Rec-029_10s_2,10,2.5,0,0,0,109.73333333333335,111.58750000000002,116.91600000000001,117.15166666666666,116.91699999999999,118.16399999999999,8.430666666666639,115.07825000000001,3.5023622341848593,118.16399999999999,109.73333333333335,True,,105.44527824469084,13.932366775455536,0.009693266399394329,119.37764502014637,336.77600427349574,0.13505014272856106,9.943735320906221,7.525355400730048,0.01718053020528771,70.217,1.174
Rec-029_10s_2,10,2.5,0,1,1,102.58749999999999,105.75333333333333,109.53600000000002,110.14,110.61999999999998,111.59700000000001,9.009500000000017,108.37230555555554,3.4713888805757853,111.59700000000001,102.58749999999999,True,,98.25379222931383,14.066562942749822,0.01105076317249333,112.32035517206366,308.13378095898656,0.15544625573129914,6.833111071924556,5.39316546593311,0.011031287997483074,70.217,1.174
Rec-029_10s_2,10,2.5,0,2,2,98.38166666666667,101.86333333333334,104.975,105.61666666666666,106.38700000000001,107.037,8.655333333333331,104.04344444444446,3.304695552739508,107.037,98.38166666666667,True,,94.31533278711137,13.358837922055416,0.011354410285749468,107.67417070916679,297.7343363945747,0.15168172670784608,6.205891254491806,4.936309082081803,0.01023528044613821,70.217,1.174
Rec-029_10s_2,10,2.5,0,3,3,95.35083333333334,99.01499999999999,101.556,102.36083333333333,103.39899999999997,103.77999999999997,8.429166666666632,100.91027777777776,3.2077909198052663,103.77999999999997,95.35083333333334,True,,91.6183117630575,12.816701245185708,0.01125156523508309,104.43501300824322,295.9650213875645,0.14420795015877766,5.954907176959422,4.663694380404784,0.010286244663936855,70.217,1.174
Rec-029_10s_2,10,2.5,0,4,4,93.45083333333332,97.25,99.27700000000002,100.3725,101.338,101.338,7.887166666666673,98.83772222222223,3.052563495866435,101.338,93.45083333333332,True,,89.5549098202759,12.350772564416367,0.012505758545910189,101.90568238469226,271.77249709513893,0.1544557795460431,6.651841633380353,5.569090358133376,0.011139316551130922,70.217,1.174
Rec-029_10s_2,10,2.5,1,0,5,95.35166666666667,98.74416666666667,101.989,102.67666666666666,103.67199999999998,104.05199999999999,8.700333333333319,101.08091666666667,3.3822119549687133,104.05199999999999,95.35166666666667,True,,91.44199519098285,13.38350508864697,0.01114507372057871,104.82550027962982,301.822494874897,0.14916015085271078,5.907220259102325,4.455667723471607,0.012327275514503386,70.217,1.174
Rec-029_10s_2,10,2.5,1,1,6,93.40583333333332,96.61666666666667,99.818,100.59750000000001,101.446,102.09700000000001,8.691166666666689,98.99683333333333,3.3397716555344243,102.09700000000001,93.40583333333332,True,,89.69389981675204,13.20923837221295,0.010457196939312081,102.90313818896499,314.330916161738,0.13813160707654895,4.938102824785501,3.766781363809605,0.008951896524713156,70.217,1.174
Rec-029_10s_2,10,2.5,1,2,7,91.55333333333334,94.99000000000001,97.865,98.69833333333334,99.603,100.144,8.590666666666664,97.14227777777778,3.2826125599160334,100.144,91.55333333333334,True,,87.76104161234046,13.065135977347156,0.011019805866572594,100.82617758968762,302.0429691170447,0.14397526209073885,5.499281190557731,4.306910509199246,0.009537434161060574,70.217,1.174
Rec-029_10s_2,10,2.5,1,3,8,90.05916666666667,93.67916666666667,96.348,97.20416666666665,98.083,98.51700000000002,8.457833333333355,95.64841666666668,3.2305851598433377,98.51700000000002,90.05916666666667,True,,86.04625678389534,13.022874209205876,0.011900618964125378,99.06913099310123,285.87682522036124,0.15498026378149474,5.805209540212285,4.71649112322263,0.009751289862790514,70.217,1.174
Rec-029_10s_2,10,2.5,1,4,9,89.245,92.99916666666667,95.36900000000001,96.30166666666668,97.16,97.59200000000001,8.347000000000008,94.77780555555556,3.163595989124942,97.59200000000001,89.245,True,,85.43284798371913,12.709985795817008,0.01176167874635667,98.14283377953613,286.1877213538264,0.14949076980115608,6.1661485355806205,4.998732622515979,0.010379567550160082,70.217,1.174
Rec-029_10s_2,10,2.5,2,0,10,89.47083333333332,92.86416666666668,95.803,96.57166666666666,97.595,98.13700000000001,8.666166666666697,95.07361111111112,3.310308009614597,98.13700000000001,89.47083333333332,True,,85.87152639215516,13.074329391029952,0.010469594411500485,98.94585578318511,313.0913448621079,0.13688292592644372,5.477456105154222,4.112333988703087,0.011468240823556193,70.217,1.174
Rec-029_10s_2,10,2.5,2,1,11,88.47583333333336,91.82416666666667,94.772,95.66916666666668,96.61800000000001,97.16199999999999,8.686166666666637,94.0868611111111,3.329854900770474,97.16199999999999,88.47583333333336,True,,84.80179305770278,13.195205597678324,0.010474082975193772,97.9969986553811,313.8767246924458,0.1382076783048241,5.160058451025146,3.925180393181826,0.009613727472651446,70.217,1.174
Rec-029_10s_2,10,2.5,2,2,12,87.57166666666667,91.18916666666667,93.905,94.98916666666666,95.80300000000001,96.346,8.774333333333331,93.30066666666669,3.34759171644333,96.346,87.57166666666667,True,,83.67566515486183,13.356758471295107,0.011152776945231889,97.03242362615694,301.4966080035829,0.1489649479416908,5.468682274841905,4.299254002770475,0.009412000134656942,70.217,1.174
Rec-029_10s_2,10,2.5,2,3,13,87.11833333333333,90.6025,93.198,94.35583333333334,95.423,95.69500000000001,8.576666666666682,92.73211111111112,3.314298245928237,95.69500000000001,87.11833333333333,True,,83.46114436231817,13.257693429955772,0.010323433817415927,96.71883779227394,317.51139265583,0.13686492069573836,5.246941324477139,3.9349240001441057,0.008937996850352415,70.217,1.174
Rec-029_10s_2,10,2.5,2,4,14,86.71083333333333,90.15000000000002,92.71,93.99583333333334,94.98999999999998,95.423,8.712166666666675,92.32994444444444,3.343324205149827,95.423,86.71083333333333,True,,83.18869623934413,13.293836501655479,0.00985829001329214,96.4825327409996,328.09205437330036,0.13105449562260874,5.280404210069184,3.9597767900380467,0.008721952229375746,70.217,1.174
Rec-030_90s_2,90,1.75,0,0,0,102.62571428571427,110.45666666666666,117.5872727272727,117.62,116.21555555555557,118.86846153846152,16.24274725274725,113.89561179561177,6.268137443118013,118.86846153846152,102.62571428571427,True,,91.85621786017813,26.602653981397737,0.018874023389604786,118.45887184157587,242.5349821897674,0.5020991134704638,14.454751421785634,12.205168941329577,0.019052782360897635,63.943,2.541
Rec-030_90s_2,90,1.75,0,1,1,95.80285714285715,103.40083333333332,108.55636363636363,109.53399999999999,108.97888888888889,110.81076923076922,15.007912087912075,106.1806187053687,5.684770562742177,110.81076923076922,95.80285714285715,True,,86.85925542299438,23.882758721750427,0.017262777927672647,110.74201414474481,253.75538239015629,0.4122827601137647,7.116313971723572,5.653891087995278,0.010937456485406762,63.943,2.541
Rec-030_90s_2,90,1.75,0,2,2,91.42428571428572,98.83416666666666,103.12999999999998,104.54,104.57666666666665,105.63538461538464,14.211098901098921,101.35675061050061,5.4216113305519045,105.63538461538464,91.42428571428572,True,,83.22034177312071,22.616319055414795,0.0166117648055568,105.8366608285355,258.1060070860485,0.3756969729159831,6.1366306990620725,4.904817049400423,0.009291757890096003,63.943,2.541
Rec-030_90s_2,90,1.75,0,3,3,88.36000000000001,95.84916666666668,99.5290909090909,100.904,101.14111111111112,102.04384615384613,13.683846153846119,97.97120247345248,5.187317495182885,102.04384615384613,88.36000000000001,True,,80.22195317379068,21.852849550307063,0.017259448526421358,102.07480272409774,248.64667281264258,0.3771681319691549,6.050852478351383,5.059804863749615,0.008861621680626267,63.943,2.541
Rec-030_90s_2,90,1.75,0,4,4,86.07214285714285,93.85833333333333,96.96272727272726,98.40899999999999,99.15000000000002,99.62384615384615,13.551703296703295,95.6793416028416,5.14425968361785,99.62384615384615,86.07214285714285,True,,78.06739023582347,21.614615191241285,0.017335031660452405,99.68200542706475,247.18227193406037,0.3746900386686632,6.52438361619936,5.6199335445389345,0.008701452189603573,63.943,2.541
Rec-030_90s_2,90,1.75,1,0,5,88.78571428571429,95.53166666666668,99.72545454545455,101.44699999999999,101.32000000000001,103.08692307692307,14.30120879120878,98.31612642912643,5.33205971333298,103.08692307692307,88.78571428571429,True,,82.14349163408167,21.18958083451965,0.01391519412720367,103.33307246860132,290.71131087934293,0.2948571307864153,4.0113649855223885,3.124993439022015,0.0067304832459496415,63.943,2.541
Rec-030_90s_2,90,1.75,1,1,6,86.22714285714287,93.13666666666667,97.16181818181818,99.06,99.02888888888887,100.62615384615384,14.399010989010975,95.87344507344505,5.3833113677917845,100.62615384615384,86.22714285714287,True,,79.22521172130338,21.540320175083686,0.014468013406279767,100.76553189638707,283.43076900969766,0.3116456410686693,4.205948505020751,3.392782385948933,0.006015736926072097,63.943,2.541
Rec-030_90s_2,90,1.75,1,2,7,84.13499999999999,91.00999999999999,94.94,96.78099999999999,97.1588888888889,98.28692307692306,14.151923076923069,93.71863532763531,5.343354339863155,98.28692307692306,84.13499999999999,True,,77.2219665616382,21.370625497965893,0.014343073023415764,98.59259205960409,284.74357140331364,0.3065204420733957,4.271662790424544,3.575434944144714,0.005427099659023789,63.943,2.541
Rec-030_90s_2,90,1.75,1,3,8,82.38857142857144,89.605,93.11545454545457,94.93499999999999,95.65222222222222,96.65923076923079,14.27065934065935,92.05924649424651,5.347899506640083,96.65923076923079,82.38857142857144,True,,75.74152405874743,21.261347034797872,0.014074418817230098,97.00287109354531,288.471094562603,0.2992411027862185,4.966045669436076,4.308857385463535,0.005548735059505606,63.943,2.541
Rec-030_90s_2,90,1.75,1,4,9,81.15071428571427,88.74833333333333,91.93181818181819,94.013,94.74888888888889,95.36461538461539,14.213901098901118,90.99289501239502,5.387552662483038,95.36461538461539,81.15071428571427,True,,74.15192439335655,21.56697282264159,0.01482546625511686,95.71889721599814,278.3266861065699,0.3197404278070953,5.592164392563234,4.824926108031889,0.006421751766575904,63.943,2.541
Rec-030_90s_2,90,1.75,2,0,10,81.45785714285714,88.29333333333334,92.03,94.44499999999998,94.74888888888889,96.32615384615384,14.868296703296707,91.21687220187219,5.539807598338256,96.32615384615384,81.45785714285714,True,,75.47296485169778,21.56991992493219,0.012118463622592291,97.04288477662998,323.873014627598,0.2613942899525194,3.7291230623447875,3.0696645884686524,0.00474062427306132,63.943,2.541
Rec-030_90s_2,90,1.75,2,1,11,80.06500000000001,86.98416666666667,90.89363636363636,93.414,93.72333333333333,95.19923076923078,15.134230769230768,90.0465611888112,5.676894603246806,95.19923076923078,80.06500000000001,True,,73.84708295379866,22.040116784987685,0.012279267028931532,95.88719973878635,322.4614218183312,0.2706364793516997,4.335630462768179,3.617796781412785,0.004715640388500684,63.943,2.541
Rec-030_90s_2,90,1.75,2,2,12,79.01642857142858,85.98833333333334,89.95454545454545,92.22200000000001,92.94,93.98692307692308,14.9704945054945,89.01803840603843,5.664368015513921,93.98692307692308,79.01642857142858,True,,72.57749432874402,22.107681374400343,0.012711860831355008,94.68517570314437,314.4523091682872,0.28102976893531634,4.557195935762321,3.8590844681297116,0.004832230545804084,63.943,2.541
Rec-030_90s_2,90,1.75,2,3,13,78.27928571428572,85.44416666666666,89.16545454545457,91.62500000000001,92.45888888888891,93.48769230769231,15.208406593406593,88.41008135383136,5.7360428212590895,93.48769230769231,78.27928571428572,True,,72.09025528406158,22.205739582564007,0.01224630402538511,94.29599486662559,323.721210538652,0.2719382380366071,4.7268634077934575,3.9665776185674764,0.004852376031056559,63.943,2.541
Rec-030_90s_2,90,1.75,2,4,14,77.8157142857143,84.99249999999999,88.82181818181817,91.18900000000001,92.03555555555555,92.7346153846154,14.918901098901102,87.9315339012839,5.697087040345138,92.7346153846154,77.8157142857143,True,,71.2527478179058,22.267119305941616,0.012944878156441651,93.51986712384742,310.7502953038371,0.2882451463103638,4.624169150860948,3.899505741699024,0.004997729036813931,63.943,2.541
Rec-031_30s_3,30,1.75,0,0,0,109.14499999999998,117.03875,114.31099999999999,115.19538461538461,116.57230769230767,119.54916666666666,10.404166666666683,115.30193482905982,3.509145300634725,119.54916666666666,109.14499999999998,False,,-3022.964780105678,3139.3266180316677,0.21827621693298183,116.36183792598968,54.04316818827209,685.2403379009645,62350979.32570239,62350978.39257632,713.581482629885,65.816,1.854
Rec-031_30s_3,30,1.75,0,1,1,100.235,106.92874999999998,107.41600000000001,108.47384615384615,109.56,111.85916666666667,11.624166666666667,107.41212713675213,3.9309436037945518,111.85916666666667,100.235,True,,96.52820964564204,14.730388543480618,0.011929019946526164,111.25859818912265,295.7242166825896,0.1757190987552608,6.756131611802348,5.3883967699911794,0.013051422028418627,65.816,1.854
Rec-031_30s_3,30,1.75,0,2,2,95.2625,101.16125,103.07499999999997,103.79692307692306,104.96615384615384,106.97333333333334,11.71083333333334,102.53919337606838,4.056345682004933,106.97333333333334,95.2625,True,,90.843725815664,15.638976557770514,0.012589198156371486,106.48270237343452,289.2494658208038,0.19688217484862144,4.659602141344299,3.736736765020857,0.008974180841334412,65.816,1.854
Rec-031_30s_3,30,1.75,0,3,3,91.68750000000001,97.4325,99.602,100.62384615384616,101.41846153846156,103.30916666666667,11.621666666666655,99.01224572649573,4.0827923449175145,103.30916666666667,91.68750000000001,True,,87.23457777955728,15.896744792340714,0.012429547067708505,103.131322571898,293.2531808149778,0.19758933761974895,4.347311857125059,3.539841700699157,0.007639142545582619,65.816,1.854
Rec-031_30s_3,30,1.75,0,4,4,89.28916666666667,94.7175,97.322,98.53846153846153,98.9976923076923,100.82333333333334,11.534166666666664,96.61469230769232,4.11959185059034,100.82333333333334,89.28916666666667,True,,84.92479635820469,16.08565147590365,0.011840609700926284,101.01044783410833,304.73736281141396,0.19046392091130396,4.509813177296567,3.658777677725664,0.007274803212737499,65.816,1.854
Rec-031_30s_3,30,1.75,1,0,5,92.04916666666668,97.16125,100.362,100.83307692307692,102.1676923076923,103.6275,11.578333333333319,99.366780982906,4.184522951684668,103.6275,92.04916666666668,True,,87.64176120478358,16.172197965742193,0.011565242548409084,103.81395917052578,310.4224779792988,0.18703539201469643,3.4308093843127008,2.754163337730781,0.006428517172296144,65.816,1.854
Rec-031_30s_3,30,1.75,1,1,6,89.60583333333334,94.72000000000001,97.866,98.58153846153846,99.83153846153846,101.27499999999999,11.669166666666655,96.97998504273505,4.228809574049306,101.27499999999999,89.60583333333334,True,,85.35721732860614,16.39242740381135,0.010938046779795126,101.7496447324175,324.3613953140557,0.17930113777728413,2.7899173173513763,2.284987351585025,0.005030031908362046,65.816,1.854
Rec-031_30s_3,30,1.75,1,2,7,87.39083333333336,92.2775,95.91299999999998,96.70076923076923,97.65999999999998,99.10666666666667,11.715833333333308,94.84146153846153,4.30876114529063,99.10666666666667,87.39083333333336,True,,83.02630200723992,16.675854046473884,0.010851178580496649,99.70215605371381,327.80300034249984,0.18095267024058576,3.5399892219008153,2.827388555676958,0.005159026406150351,65.816,1.854
Rec-031_30s_3,30,1.75,1,3,8,85.53500000000001,90.57875000000001,94.339,95.32307692307694,96.24307692307693,97.56666666666666,12.031666666666652,93.26426175213676,4.466122942432655,97.56666666666666,85.53500000000001,True,,80.9899569714522,17.384995982800152,0.0106818260173349,98.37495295425235,335.4262381869066,0.18570350240033737,3.935155295388231,3.0861827990423354,0.004946848393425982,65.816,1.854
Rec-031_30s_3,30,1.75,1,4,9,84.54083333333332,89.2225,93.252,94.3223076923077,94.90538461538463,96.4825,11.941666666666677,92.12092094017093,4.4443362923961,96.4825,84.54083333333332,True,,80.3137720405289,17.429600000609067,0.009520536241772126,97.74337204113797,364.52090372006506,0.1659391384853901,4.244936896915962,3.1113176173842376,0.005288797942362893,65.816,1.854
Rec-031_30s_3,30,1.75,2,0,10,84.81166666666668,89.76375,93.58000000000001,94.61384615384615,95.99153846153845,96.98166666666664,12.169999999999959,92.62374465811968,4.569826683061595,96.98166666666664,84.81166666666668,True,,80.33464545869555,17.650873977081652,0.010311052067531374,97.9855194357772,345.5336081532457,0.1819990806151235,3.36541440860347,2.699658216352853,0.005113870223131865,65.816,1.854
Rec-031_30s_3,30,1.75,2,1,11,83.59166666666665,88.4075,92.71100000000001,93.57076923076922,94.78,95.84749999999998,12.255833333333328,91.48473931623931,4.637190043278336,95.84749999999998,83.59166666666665,True,,79.02240549109621,17.91083587839793,0.010186829362814964,96.93324136949414,349.99260273039965,0.18245462883862376,3.137665144673289,2.429746948868881,0.004409368173200197,65.816,1.854
Rec-031_30s_3,30,1.75,2,2,12,82.41666666666666,87.255,91.67699999999999,92.77692307692308,93.8630769230769,94.94500000000001,12.52833333333335,90.48894444444444,4.76461097078625,94.94500000000001,82.41666666666666,True,,77.66571280214842,18.681826273475604,0.009700349665842434,96.34753907562403,366.8451797087665,0.18122024724923547,3.7835921107317407,2.776002924341701,0.004435258107049975,65.816,1.854
Rec-031_30s_3,30,1.75,2,3,13,81.73583333333333,86.51000000000002,91.026,92.35999999999999,93.15230769230769,94.49166666666666,12.755833333333328,89.87930128205129,4.83990766116016,94.49166666666666,81.73583333333333,True,,76.77783214917406,19.21892349547485,0.009521583061963945,95.99675564464891,374.75594986707614,0.1829945764236942,3.989378066723709,2.878436341416403,0.004383770316713104,65.816,1.854
Rec-031_30s_3,30,1.75,2,4,14,81.23833333333333,86.10249999999999,90.213,91.90076923076926,92.52769230769232,93.90500000000002,12.666666666666686,89.31454914529913,4.784031727602218,93.90500000000002,81.23833333333333,True,,76.64869192668748,18.871383606155383,0.009230745825611229,95.52007553284287,381.2259578201491,0.17419694544602699,4.0359245042280865,2.8426197516098446,0.004569536685948433,65.816,1.854
Rec-032_30s_4,30,2.0,0,0,0,106.115,111.96857142857142,115.3722222222222,116.38166666666667,117.35785714285714,119.412,13.297000000000011,114.43455291005291,4.759982944950793,119.412,106.115,True,,101.13587903103277,17.80506596826043,0.012624620732670379,118.94094499929321,298.93534425020397,0.2247822049694644,10.286284652103529,7.3139984663044855,0.022793864395983746,65.72,1.782
Rec-032_30s_4,30,2.0,0,1,1,99.19583333333333,104.64071428571427,107.65333333333334,108.87333333333335,109.83642857142861,111.37899999999999,12.183166666666665,106.92977380952381,4.418118296261654,111.37899999999999,99.19583333333333,True,,94.53792280109141,16.66233025838573,0.012606402337384057,111.20025305947715,293.99098929214944,0.21005203911557896,5.652135311896219,4.135275102422725,0.013093615083313418,65.72,1.782
Rec-032_30s_4,30,2.0,0,2,2,94.71750000000002,100.10714285714286,103.18888888888888,104.0791666666667,105.26071428571427,106.223,11.505499999999984,102.26273544973544,4.252197370417826,106.223,94.71750000000002,True,,89.81888207093056,16.35193375488476,0.013663275536941593,106.17081582581531,275.7663166264132,0.22342097645480644,4.875360087851471,3.6790286281102387,0.01095158241997011,65.72,1.782
Rec-032_30s_4,30,2.0,0,3,3,91.41666666666669,96.96714285714283,99.81444444444443,100.73333333333333,101.92785714285716,102.69699999999997,11.280333333333289,98.9260740740741,4.183648718501014,102.69699999999997,91.41666666666669,True,,86.40102939856696,16.284975032923658,0.014205681029916506,102.68600443149062,267.68855670950035,0.23133916089786755,4.376150488044853,3.4900348425394885,0.008797247485888471,65.72,1.782
Rec-032_30s_4,30,2.0,0,4,4,89.01833333333333,94.79571428571431,97.46222222222222,98.65166666666666,99.68071428571429,99.875,10.85666666666667,96.58060846560846,4.144974040338312,99.875,89.01833333333333,True,,83.62385947153665,16.54200264489442,0.015202189192530852,100.16586211643107,255.63131365487246,0.25147465383103074,4.771266750282385,3.844023683759311,0.009159089306927987,65.72,1.782
Rec-032_30s_4,30,2.0,1,0,5,91.77833333333335,97.31428571428572,99.93444444444444,101.54583333333333,102.31500000000001,103.13,11.351666666666645,99.33631613756613,4.235942152863875,103.13,91.77833333333335,True,,86.82157438227004,16.436325638405034,0.013897345388585784,103.25790002067508,272.71431984109904,0.2284212943161825,4.698135801335322,3.910697459161986,0.007948437768158196,65.72,1.782
Rec-032_30s_4,30,2.0,1,1,6,89.47166666666665,94.8342857142857,97.70333333333333,99.14916666666669,100.18285714285715,100.905,11.433333333333351,97.04105158730158,4.2860053541481005,100.905,89.47166666666665,True,,84.85857314743109,16.45387105424085,0.012725579556002722,101.31244420167194,290.9877896723185,0.20938504510495232,3.7087545953722754,3.00440904834739,0.006411480331226342,65.72,1.782
Rec-032_30s_4,30,2.0,1,2,7,87.25416666666666,92.89642857142857,95.77222222222221,97.02499999999999,98.01285714285713,98.842,11.587833333333336,94.96711243386243,4.311651227884745,98.842,87.25416666666666,True,,82.37670362252271,16.691473944741148,0.013463774243409077,99.06817756726386,280.2864974688363,0.22473023698173958,3.9778604615710083,3.2860215923638627,0.006465782250050556,65.72,1.782
Rec-032_30s_4,30,2.0,1,3,8,85.58,91.26857142857143,94.26555555555555,95.39750000000002,96.5792857142857,97.05199999999999,11.471999999999994,93.35715211640212,4.332863404981593,97.05199999999999,85.58,True,,80.48177755968688,16.913289476196272,0.013901746048284872,97.39506703588314,274.708478752807,0.23512425513920965,4.273037799276781,3.62118192672399,0.006380937341453664,65.72,1.782
Rec-032_30s_4,30,2.0,1,4,9,84.40583333333332,90.29714285714286,93.12111111111112,94.53666666666668,95.415,95.856,11.450166666666675,92.27195899470901,4.3439578391717095,95.856,84.40583333333332,True,,78.95923426836151,17.17634542876818,0.014724094606362287,96.13557969712969,264.3172232733854,0.2529061350847411,4.701658852152256,3.979638086461527,0.007331429819700182,65.72,1.782
Rec-032_30s_4,30,2.0,2,0,10,84.76583333333333,90.5307142857143,93.60333333333334,95.12500000000001,95.9964285714286,96.672,11.906166666666664,92.78221825396827,4.493464222503098,96.672,84.76583333333333,True,,79.52812846981723,17.457463811632294,0.013732497467068411,96.98559228144953,279.5082091249261,0.23973457757467895,4.465893237057324,3.7131774349300293,0.006571618855214885,65.72,1.782
Rec-032_30s_4,30,2.0,2,1,11,83.63666666666667,89.32785714285714,92.21666666666667,94.085,94.95071428571431,95.642,12.005333333333326,91.6431507936508,4.531814029665263,95.642,83.63666666666667,True,,78.72235614139394,17.421634513564065,0.012862543552889117,96.143990654958,293.16485170060986,0.224086532693234,4.372327509872368,3.584078784720661,0.0061243337149285045,65.72,1.782
Rec-032_30s_4,30,2.0,2,2,12,82.59749999999998,88.51357142857144,91.49111111111111,93.09166666666665,94.09785714285714,94.663,12.065500000000014,90.74245105820104,4.561072066778559,94.663,82.59749999999998,True,,77.4035185508934,17.705874900654482,0.01350151992472665,95.10939345154787,284.08002777154036,0.23905622275590396,4.404625122781297,3.734345244182235,0.005855794812505672,65.72,1.782
Rec-032_30s_4,30,2.0,2,3,13,81.91666666666667,87.77785714285712,90.76777777777777,92.41250000000002,93.4007142857143,94.067,12.150333333333322,90.05708597883597,4.5776332186089705,94.067,81.91666666666667,True,,76.9073491448073,17.647073320475197,0.013023341601323018,94.5544224652825,291.4863721471686,0.22982386411614217,4.375312403814571,3.6628471135298932,0.005894460514726245,65.72,1.782
Rec-032_30s_4,30,2.0,2,4,14,81.32833333333333,87.12,90.46666666666665,92.14083333333333,92.93428571428572,93.254,11.925666666666672,89.54068650793651,4.609249033536343,93.254,81.32833333333333,True,,75.73475266450149,18.11320139160211,0.01396203866909073,93.84795405610359,278.74128096191527,0.2528972182505767,4.510774886651175,3.7675397579136383,0.0066173055777284115,65.72,1.782
Rec-G3_S60_1,60,2.0,0,0,0,96.61785714285715,102.89857142857143,107.39866666666666,108.5185714285714,110.94466666666666,111.46428571428571,14.84642857142856,106.30710317460317,5.65128670151239,111.46428571428571,96.61785714285715,True,,90.86712225391992,22.057273170265386,0.008736195301088594,112.9243954241853,414.36007731455067,0.1926966462249,11.688125294446678,9.057081945163556,0.014789888474728848,65.442,1.96
Rec-G3_S60_1,60,2.0,0,1,1,92.35357142857143,99.02,102.69733333333333,104.3707142857143,106.38666666666668,107.08428571428571,14.730714285714285,101.98542857142859,5.534113766371123,107.08428571428571,92.35357142857143,True,,86.56997075071943,21.713469217382784,0.009044000208124745,108.28343996810221,402.34936446191847,0.19637662012112014,9.683113443762586,7.419781655181467,0.011685630525312851,65.442,1.96
Rec-G3_S60_1,60,2.0,0,2,2,89.40642857142859,95.99642857142855,99.65466666666666,101.30857142857143,102.98533333333334,103.55642857142857,14.149999999999977,98.8179761904762,5.3527800565276396,103.55642857142857,89.40642857142859,True,,83.36136540496494,21.142960776826563,0.009792128769920066,104.5043261817915,377.0068162401516,0.2070345945040549,8.941929799024301,6.895859614522538,0.010782661503677703,65.442,1.96
Rec-G3_S60_1,60,2.0,0,3,3,87.04214285714286,93.59428571428573,97.196,98.71071428571427,100.27199999999999,100.91999999999999,13.877857142857124,96.28919047619048,5.229983766054842,100.91999999999999,87.04214285714286,True,,80.9694349238784,20.745544471077725,0.010087373466251052,101.71497939495612,367.0360169445788,0.20926805484048067,8.48780702081453,6.70385604139377,0.009635293998060759,65.442,1.96
Rec-G3_S60_1,60,2.0,0,4,4,85.52857142857142,92.12,95.20666666666665,97.12142857142855,98.39000000000001,98.94285714285716,13.41428571428574,94.5515873015873,5.06709597775395,98.94285714285716,85.52857142857142,True,,79.54136573943012,20.151609909411537,0.010310189141970674,99.69297564884165,358.4056667793051,0.20776690968124345,7.778507076177615,6.210704911341877,0.00894816905620226,65.442,1.96
Rec-G3_S60_1,60,2.0,1,0,5,86.655,93.20714285714284,97.232,98.98285714285714,100.67,101.4257142857143,14.770714285714305,96.36211904761905,5.585782506281735,101.4257142857143,86.655,True,,80.66338750441263,21.907864038297923,0.009262169473163946,102.57125154271054,396.40792217616575,0.20291434951774923,8.75255063859922,6.738902963206756,0.01063115897090438,65.442,1.96
Rec-G3_S60_1,60,2.0,1,1,6,84.985,91.42214285714284,95.424,97.16000000000001,98.93333333333335,99.64000000000001,14.655000000000015,94.59407936507937,5.549031347445772,99.64000000000001,84.985,True,,79.1415510692922,21.721259291068254,0.009084782152471134,100.86281036036046,401.0779259909526,0.19733290873669468,7.723080306552559,5.9803039819317405,0.009106802686831943,65.442,1.96
Rec-G3_S60_1,60,2.0,1,2,7,83.39857142857143,89.98785714285715,93.68733333333333,95.7257142857143,97.23333333333333,97.89571428571428,14.497142857142848,92.9880873015873,5.496374417499172,97.89571428571428,83.39857142857143,True,,77.42147558830455,21.588632968111106,0.009414067439193825,99.01010855641564,390.18048726948575,0.20323684668180111,7.2182725322305155,5.60597313665687,0.008044070691581537,65.442,1.96
Rec-G3_S60_1,60,2.0,1,3,8,82.38999999999999,88.78642857142856,92.56600000000002,94.60285714285715,96.07466666666667,96.73285714285716,14.34285714285717,91.85880158730158,5.452661476037195,96.73285714285716,82.38999999999999,True,,76.5283247238006,21.37608202076787,0.00927799316774285,97.90440674456846,393.26729688368806,0.1983271429417951,6.962033556277826,5.432960765767286,0.00733373768629029,65.442,1.96
Rec-G3_S60_1,60,2.0,1,4,9,81.57428571428571,88.205,91.58733333333335,93.94357142857145,95.02666666666666,95.76428571428572,14.190000000000012,91.01685714285713,5.377293851514247,95.76428571428572,81.57428571428571,True,,75.58053006198796,21.16102058635951,0.009699403782473956,96.74155064834747,379.71804529869183,0.20524928311634466,6.908680545004545,5.538887641102253,0.006958308149436626,65.442,1.96
Rec-G3_S60_1,60,2.0,2,0,10,81.11,87.27428571428571,91.26133333333333,93.32285714285715,95.02666666666667,95.765,14.655000000000001,90.62669047619046,5.572075318892454,95.765,81.11,True,,75.60411142295027,21.713992819406315,0.008451405924009232,97.31810424235658,422.5454455210949,0.18351376754782445,7.108917708416122,5.625546868809892,0.00842308060668942,65.442,1.96
Rec-G3_S60_1,60,2.0,2,1,11,80.10214285714285,86.34428571428573,90.53866666666666,92.62357142857145,94.30266666666667,94.98928571428573,14.887142857142877,89.81676984126985,5.686995417873806,94.98928571428573,80.10214285714285,True,,74.368891987921,22.157300465295535,0.00861502046659324,96.52619245321654,419.0921754883736,0.19088559699297697,6.725585090727543,5.238030191438091,0.007384970960844854,65.442,1.96
Rec-G3_S60_1,60,2.0,2,2,12,79.48,85.83928571428571,89.778,92.00357142857145,93.688,94.33214285714284,14.852142857142837,89.18683333333333,5.664748739436936,94.33214285714284,79.48,True,,73.76415720424588,22.091579870654233,0.008646978774036296,95.8557370749001,417.6279372798024,0.19102542222647467,6.413811052507373,4.99743298014262,0.006809374541055103,65.442,1.96
Rec-G3_S60_1,60,2.0,2,3,13,79.13214285714285,85.45142857142856,89.27199999999999,91.65428571428572,93.17933333333333,93.82714285714287,14.695000000000022,88.75272222222223,5.612262251653105,93.82714285714287,79.13214285714285,True,,73.43941113604177,21.882715492257766,0.008692750605986569,95.32212662829954,414.94344490513356,0.19022098835595538,6.146891145256724,4.771625719973204,0.006291076364150374,65.442,1.96
Rec-G3_S60_1,60,2.0,2,4,14,78.66785714285713,84.98642857142856,88.80266666666667,91.26642857142856,92.60133333333332,93.40071428571427,14.732857142857142,88.28757142857141,5.609422995860203,93.40071428571427,78.66785714285713,True,,72.96944201966251,21.865729042526123,0.00871012677473569,94.83517106218864,414.2557686719606,0.1904532719824226,6.199762337876279,4.830984656212726,0.0061767077432013946,65.442,1.96
