Specimen,Stoppage (s),Segment,Load (kg),Etichetta carico,Breaking step,Comparable step,Used in fit,Frame start,Frame end,Final Level Start,Final Level End,Initial 0 kg displacement (mm),Initial 0 kg frame,0 kg pre-step displacement (mm),0 kg pre-step frame,Displacement under load (mm),0 kg post-step displacement (mm),0 kg post-step frame,Deflection from pre-step 0 kg (mm),Deflection from initial 0 kg (mm),0 kg shift vs initial (mm),Incremental plastic residue (mm),Elastic recovery (mm),Elastic recovery (%),Residual damage index,Local compliance (mm/kg),Quality,Occluded fraction,Final level method,Local override,Confirmed breaking load (kg),Breaking frame,Truncated rupture,Initial 0 kg frames used,0 kg pre-step frames used,0 kg post-step frames used
101,10,1,0.5,0.5 kg,False,True,True,2012,2116,2085,2111,0.0,1006,0.0,1006,1.4729999999999999,0.049100000000000005,2598.0,1.4729999999999999,1.4729999999999999,0.049100000000000005,0.049100000000000005,1.4239,96.66666666666667,0.03333333333333334,2.9459999999999997,Alta,0.028846153846153848,terminal_median,False,2.5,4700,False,1,1,15
101,10,3,0.5,0.5 kg,False,True,True,3465,3666,3578,3626,0.0,1006,-0.49099999999999977,3334,1.6694,0.39280000000000004,3892.0,2.1603999999999997,1.6694,0.39280000000000004,0.8837999999999998,1.2766,59.09090909090909,0.18181818181818188,4.320799999999999,Alta,0.1890547263681592,terminal_median,False,2.5,4700,False,1,15,15
101,10,6,0.5,0.5 kg,False,False,True,4334,4513,4430,4471,0.0,1006,0.2768304761904761,4245,1.7185,,,1.4416695238095238,1.7185,,,,,,2.8833390476190477,Alta,0.1340782122905028,terminal_median,False,2.5,4700,False,1,15,0
101,10,2,1.25,1.25 kg,False,True,True,3081,3204,3166,3198,0.0,1006,0.049100000000000005,2598,2.8478,-0.49099999999999977,3334.0,2.7986999999999997,2.8478,-0.49099999999999977,-0.5400999999999998,3.3387999999999995,119.29824561403508,-0.175438596491228,2.2389599999999996,Alta,0.032520325203252036,terminal_median,False,2.5,4700,False,1,15,15
101,10,4,1.75,1.25 kg + 0.5 kg,False,True,True,3666,3761,3727,3754,0.0,1006,-0.49099999999999977,3334,4.6154,0.39280000000000004,3892.0,5.1064,4.6154,0.39280000000000004,0.8837999999999998,4.2226,82.6923076923077,0.07692307692307693,2.917942857142857,Alta,0.06315789473684211,terminal_median,False,2.5,4700,False,1,15,15
101,10,5,2.0,2 kg,False,True,True,4023,4157,4153,4157,0.0,1006,0.39280000000000004,3892,6.2848,0.2768304761904761,4245.0,5.8919999999999995,6.2848,0.2768304761904761,-0.11596952380952391,6.007969523809524,101.96825396825398,0.046984126984126975,2.9459999999999997,Bassa,0.0,manual_window,True,2.5,4700,False,1,15,15
101,10,7,2.5,2 kg + 0.5 kg,True,False,False,4513,4700,4645,4650,0.0,1006,0.2768304761904761,4245,7.0213,,,6.744469523809524,7.0213,,,,,,2.6977878095238097,Bassa,0.27807486631016043,pre_break_visible_peak,True,2.5,4700,False,1,15,0
102,10,1,0.5,0.5 kg,False,True,True,114,366,282,354,-0.049100000000000005,57,-0.049100000000000005,57,1.4239,0.049100000000000005,542.0,1.4729999999999999,1.4729999999999999,0.09820000000000001,0.09820000000000001,1.3748,93.33333333333334,0.06666666666666668,2.9459999999999997,Alta,0.047619047619047616,terminal_median,False,2.5,3449,False,15,15,15
102,10,3,0.5,0.5 kg,False,True,True,1734,1928,1857,1910,-0.049100000000000005,57,0.24549999999999988,1419,1.7185,0.39280000000000004,2293.0,1.473,1.7675999999999998,0.44190000000000007,0.14730000000000015,1.3256999999999999,89.99999999999999,0.30000000000000004,2.946,Alta,0.07216494845360824,terminal_median,False,2.5,3449,False,15,15,15
102,10,6,0.5,0.5 kg,False,False,True,3091,3406,3263,3345,-0.049100000000000005,57,0.6382999999999999,2921,2.1113,,,1.473,2.1604,,,,,,2.946,Alta,0.20952380952380953,terminal_median,False,2.5,3449,False,15,15,0
102,10,2,1.25,1.25 kg,False,True,True,718,1105,1100,1105,-0.049100000000000005,57,0.049100000000000005,542,3.8789,0.24549999999999988,1419.0,3.8297999999999996,3.928,0.29459999999999986,0.19639999999999988,3.6334,94.87179487179488,0.0769230769230769,3.06384,Media,0.023255813953488372,manual_window,True,2.5,3449,False,15,15,15
102,10,4,1.75,1.25 kg + 0.5 kg,False,True,True,1928,2120,2108,2118,-0.049100000000000005,57,0.24549999999999988,1419,4.8609,0.39280000000000004,2293.0,4.6154,4.91,0.44190000000000007,0.14730000000000015,4.4681,96.80851063829786,0.09574468085106384,2.6373714285714285,Bassa,0.19791666666666666,manual_window,True,2.5,3449,False,15,15,15
102,10,5,2.0,2 kg,False,True,True,2466,2751,2665,2737,-0.049100000000000005,57,0.39280000000000004,2293,6.481199999999999,0.6382999999999999,2921.0,6.088399999999999,6.5302999999999995,0.6873999999999999,0.24549999999999983,5.842899999999999,95.96774193548387,0.11290322580645161,3.0441999999999996,Alta,0.021052631578947368,terminal_median,False,2.5,3449,False,15,15,15
102,10,7,2.5,2 kg + 0.5 kg,True,False,False,3406,3449,3432,3437,-0.049100000000000005,57,0.6382999999999999,2921,7.1686,,,6.5302999999999995,7.2177,,,,,,2.61212,Alta,0.2558139534883721,pre_break_visible_peak,False,2.5,3449,False,15,15,0
301,30,1,0.5,0.5 kg,False,True,True,78,163,141,159,-0.09820000000000001,39,-0.09820000000000001,39,1.39935,-0.049100000000000005,242.0,1.4975500000000002,1.4975500000000002,0.049100000000000005,0.049100000000000005,1.44845,96.72131147540982,0.03278688524590164,2.9951000000000003,Alta,0.023529411764705882,terminal_median,False,1.75,749,True,15,15,15
301,30,3,0.5,0.5 kg,False,False,True,569,699,651,692,-0.09820000000000001,39,0.049100000000000005,482,1.5712,,,1.5221,1.6694,,,,,,3.0442,Alta,0.03076923076923077,terminal_median,False,1.75,749,True,15,15,0
301,30,2,1.25,1.25 kg,False,True,True,322,396,386,395,-0.09820000000000001,39,-0.049100000000000005,242,3.6824999999999997,0.049100000000000005,482.0,3.7316,3.7806999999999995,0.14730000000000001,0.09820000000000001,3.6333999999999995,97.36842105263158,0.03947368421052632,2.98528,Media,0.17567567567567569,manual_window,True,1.75,749,True,15,15,15
301,30,4,1.75,1.25 kg + 0.5 kg,True,False,False,699,749,731,749,-0.09820000000000001,39,0.049100000000000005,482,1.5712,,,1.5221,1.6694,,,,,,0.8697714285714285,Bassa,1.0,terminal_median,False,1.75,749,True,15,15,0
302,30,1,0.5,0.5 kg,False,True,True,214,334,290,328,0.09586190476190477,107,0.09586190476190477,107,1.5221,0.1473,489.0,1.4262380952380953,1.4262380952380953,0.05143809523809521,0.05143809523809521,1.3748,96.39344262295081,0.036065573770491785,2.8524761904761906,Alta,0.058333333333333334,terminal_median,False,2.0,1948,False,15,15,15
302,30,3,0.5,0.5 kg,False,True,True,1008,1257,1169,1239,0.09586190476190477,107,0.2946,895,1.7185,0.24549999999999988,1641.0,1.4239,1.6226380952380952,0.14963809523809513,-0.04910000000000009,1.473,103.44827586206897,0.10509031198686364,2.8478,Alta,0.11646586345381527,terminal_median,False,2.0,1948,False,15,15,15
302,30,2,1.25,1.25 kg,False,True,True,644,783,732,777,0.09586190476190477,107,0.1473,489,3.6824999999999997,0.2946,895.0,3.5351999999999997,3.586638095238095,0.1987380952380952,0.1473,3.3878999999999997,95.83333333333334,0.056216931216931214,2.8281599999999996,Alta,0.007194244604316547,terminal_median,False,2.0,1948,False,15,15,15
302,30,4,1.75,1.25 kg + 0.5 kg,False,True,True,1257,1444,1391,1435,0.09586190476190477,107,0.2946,895,4.419,0.24549999999999988,1641.0,4.1244,4.323138095238095,0.14963809523809513,-0.04910000000000009,4.1735,101.19047619047619,0.03628117913832197,2.3568,Alta,0.0481283422459893,terminal_median,False,2.0,1948,False,15,15,15
302,30,5,2.0,2 kg,True,False,False,1839,1948,1942,1947,0.09586190476190477,107,0.24549999999999988,1641,6.5302999999999995,,,6.2848,6.434438095238095,,,,,,3.1424,Alta,0.11926605504587157,pre_break_visible_peak,False,2.0,1948,False,15,15,0
303,30,1,0.5,0.5 kg,False,True,True,305,372,355,369,0.0,152,0.0,152,1.3748,0.049100000000000005,499.0,1.3748,1.3748,0.049100000000000005,0.049100000000000005,1.3257,96.42857142857143,0.03571428571428572,2.7496,Alta,0.07462686567164178,terminal_median,False,1.75,1409,False,15,15,15
303,30,2,1.25,1.25 kg,False,True,True,627,717,697,713,0.0,152,0.049100000000000005,499,3.5351999999999997,0.1473,1023.0,3.4860999999999995,3.5351999999999997,0.1473,0.09819999999999998,3.3878999999999997,97.1830985915493,0.04225352112676056,2.78888,Alta,0.07777777777777778,terminal_median,False,1.75,1409,False,15,15,15
303,30,3,1.75,1.25 kg + 0.5 kg,True,False,False,1330,1409,1396,1406,0.0,152,0.1473,1023,5.548299999999999,,,5.401,5.548299999999999,,,,,,3.0862857142857143,Alta,0.189873417721519,terminal_median,False,1.75,1409,False,15,15,0
304,30,1,0.5,0.5 kg,False,True,True,367,444,424,441,-0.02104285714285714,183,-0.02104285714285714,183,1.4239,0.0,579.0,1.444942857142857,1.444942857142857,0.02104285714285714,0.02104285714285714,1.4239,98.54368932038835,0.014563106796116504,2.889885714285714,Alta,0.025974025974025976,terminal_median,False,2.0,2143,False,15,15,15
304,30,2,1.25,1.25 kg,False,True,True,714,764,748,762,-0.02104285714285714,183,0.0,579,3.4861,0.09820000000000001,1107.0,3.4861,3.507142857142857,0.11924285714285715,0.09820000000000001,3.3879,97.1830985915493,0.03420523138832998,2.78888,Alta,0.08,terminal_median,False,2.0,2143,False,15,15,15
304,30,3,1.75,1.25 kg + 0.5 kg,False,True,True,1450,1568,1536,1561,-0.02104285714285714,183,0.09820000000000001,1107,4.959099999999999,0.24549999999999988,1788.0,4.860899999999999,4.980142857142857,0.266542857142857,0.14729999999999988,4.7136,96.96969696969698,0.05483405483405482,2.777657142857142,Alta,0.09322033898305085,terminal_median,False,2.0,2143,False,15,15,15
304,30,4,2.0,2 kg,True,False,False,2008,2143,2113,2137,-0.02104285714285714,183,0.24549999999999988,1788,6.186599999999999,,,5.9411,6.207642857142856,,,,,,2.97055,Alta,0.0962962962962963,terminal_median,False,2.0,2143,False,15,15,0
601,60,1,0.5,0.5 kg,False,True,True,470,586,546,581,-0.09820000000000001,235,-0.09820000000000001,235,1.3256999999999999,-0.049100000000000005,970.0,1.4239,1.4239,0.049100000000000005,0.049100000000000005,1.3747999999999998,96.55172413793103,0.03448275862068966,2.8478,Alta,0.09482758620689655,terminal_median,False,2.0,2277,False,15,15,15
601,60,3,0.5,0.5 kg,False,True,True,1700,1900,1800,1842,-0.09820000000000001,235,0.0,1574,1.3748,0.09820000000000001,2111.0,1.3748,1.473,0.19640000000000002,0.09820000000000001,1.2766,92.85714285714285,0.14285714285714288,2.7496,Media,0.39,terminal_median,False,2.0,2277,False,15,15,15
601,60,2,1.25,1.25 kg,False,True,True,1354,1449,1425,1445,-0.09820000000000001,235,-0.049100000000000005,970,3.437,0.0,1574.0,3.4861,3.5351999999999997,0.09820000000000001,0.049100000000000005,3.437,98.59154929577464,0.028169014084507046,2.78888,Alta,0.042105263157894736,terminal_median,False,2.0,2277,False,15,15,15
601,60,4,1.75,1.25 kg + 0.5 kg,False,True,True,1900,1988,1959,1984,-0.09820000000000001,235,0.0,1574,4.3698999999999995,0.09820000000000001,2111.0,4.3698999999999995,4.4681,0.19640000000000002,0.09820000000000001,4.271699999999999,97.75280898876404,0.044943820224719114,2.497085714285714,Alta,0.1590909090909091,terminal_median,False,2.0,2277,False,15,15,15
601,60,5,2.0,2 kg,True,False,False,2234,2277,2269,2274,-0.09820000000000001,235,0.09820000000000001,2111,5.7447,,,5.6465,5.8429,,,,,,2.82325,Media,0.23255813953488372,pre_break_visible_peak,False,2.0,2277,False,15,15,0
602,60,1,0.5,0.5 kg,False,True,True,120,235,198,230,0.06780476190476191,60,0.06780476190476191,60,1.4729999999999999,0.1473,387.0,1.405195238095238,1.405195238095238,0.07949523809523808,0.07949523809523808,1.3256999999999999,94.34276206322795,0.05657237936772046,2.810390476190476,Alta,0.1391304347826087,terminal_median,False,2.0,1664,False,15,15,15
602,60,3,0.5,0.5 kg,False,True,True,903,1110,1028,1078,0.06780476190476191,60,0.24549999999999988,785,1.6202999999999999,0.3437,1420.0,1.3748,1.552495238095238,0.2758952380952381,0.09820000000000012,1.2765999999999997,92.85714285714283,0.20068027210884354,2.7496,Alta,0.16908212560386474,terminal_median,False,2.0,1664,False,15,15,15
602,60,2,1.25,1.25 kg,False,True,True,540,668,622,662,0.06780476190476191,60,0.1473,387,3.5843,0.24549999999999988,785.0,3.437,3.516495238095238,0.17769523809523796,0.0981999999999999,3.3388,97.14285714285714,0.05170068027210881,2.7496,Alta,0.0234375,terminal_median,False,2.0,1664,False,15,15,15
602,60,4,1.75,1.25 kg + 0.5 kg,False,True,True,1110,1241,1203,1235,0.06780476190476191,60,0.24549999999999988,785,4.419,0.3437,1420.0,4.1735,4.3511952380952374,0.2758952380952381,0.09820000000000012,4.0752999999999995,97.6470588235294,0.06610644257703081,2.384857142857143,Alta,0.15267175572519084,terminal_median,False,2.0,1664,False,15,15,15
602,60,5,2.0,2 kg,True,False,False,1600,1664,1649,1661,0.06780476190476191,60,0.3437,1420,5.8919999999999995,,,5.548299999999999,5.824195238095237,,,,,,2.7741499999999997,Media,0.390625,terminal_median,False,2.0,1664,False,15,15,0
901,90,1,0.5,0.5 kg,False,True,True,74,122,104,120,-0.0018704761904761902,37,-0.0018704761904761902,37,1.4239,0.049100000000000005,229.0,1.4257704761904761,1.4257704761904761,0.0509704761904762,0.0509704761904762,1.3748,96.4250573958675,0.035749426041325034,2.8515409523809523,Alta,0.020833333333333332,terminal_median,False,1.75,898,True,15,15,15
901,90,3,0.5,0.5 kg,False,False,True,640,857,782,847,-0.0018704761904761902,37,0.1473,547,1.5712,,,1.4239,1.5730704761904761,,,,,,2.8478,Alta,0.013824884792626729,terminal_median,False,1.75,898,True,15,15,0
901,90,2,1.25,1.25 kg,False,True,True,337,455,406,450,-0.0018704761904761902,37,0.049100000000000005,229,3.4861,0.1473,547.0,3.437,3.487970476190476,0.1491704761904762,0.09819999999999998,3.3388,97.14285714285714,0.043401360544217685,2.7496,Alta,0.0423728813559322,terminal_quantile,True,1.75,898,True,15,15,15
901,90,4,1.75,1.25 kg + 0.5 kg,True,False,False,857,898,883,898,-0.0018704761904761902,37,0.1473,547,1.5712,,,1.4239,1.5730704761904761,,,,,,0.8136571428571429,Bassa,1.0,terminal_median,False,1.75,898,True,15,15,0
902,90,1,0.5,0.5 kg,False,True,True,200,312,277,307,-0.054243809523809514,100,-0.054243809523809514,100,1.4239,-0.04395619047619047,435.0,1.4781438095238095,1.4781438095238095,0.010287619047619045,0.010287619047619045,1.4678561904761904,99.30401771591268,0.00695982284087314,2.956287619047619,Alta,0.03571428571428571,terminal_median,False,1.75,1338,False,15,15,15
902,90,3,0.5,0.5 kg,False,False,True,1070,1325,1219,1287,-0.054243809523809514,100,0.021042857142857134,927,1.5712,,,1.5501571428571428,1.6254438095238095,,,,,,3.1003142857142856,Alta,0.15294117647058825,terminal_median,False,1.75,1338,False,15,15,0
902,90,2,1.25,1.25 kg,False,True,True,558,785,701,774,-0.054243809523809514,100,-0.04395619047619047,435,3.6824999999999997,0.021042857142857134,927.0,3.72645619047619,3.736743809523809,0.07528666666666664,0.0649990476190476,3.6614571428571425,98.2557409963609,0.020203287739992467,2.981164952380952,Alta,0.039647577092511016,terminal_quantile,True,1.75,1338,False,15,15,15
902,90,4,1.75,1.25 kg + 0.5 kg,True,False,False,1325,1338,1328,1338,-0.054243809523809514,100,0.021042857142857134,927,1.4729999999999999,,,1.4519571428571427,1.5272438095238094,,,,,,0.8296897959183672,Bassa,1.0,terminal_median,False,1.75,1338,False,15,15,0
991,0,1,0.5,0.5 kg,False,True,True,98,282,224,273,-0.049100000000000005,49,-0.049100000000000005,49,1.3748,0.0,451.0,1.4239,1.4239,0.049100000000000005,0.049100000000000005,1.3748,96.55172413793103,0.03448275862068966,2.8478,Alta,0.010869565217391304,terminal_median,False,3.25,3690,True,15,15,15
991,0,3,0.5,0.5 kg,False,True,True,1370,1611,1537,1599,-0.049100000000000005,49,0.09820000000000001,1089,1.5221,0.24549999999999988,2047.0,1.4239,1.5712,0.29459999999999986,0.14729999999999988,1.2766000000000002,89.65517241379311,0.20689655172413784,2.8478,Alta,0.14107883817427386,terminal_median,False,3.25,3690,True,15,15,15
991,0,6,0.5,0.5 kg,False,True,True,2791,3025,2922,2985,-0.049100000000000005,49,0.6874,2643,2.1113,0.8838000000000001,3345.0,1.4239,2.1604,0.9329000000000002,0.19640000000000013,1.2274999999999998,86.20689655172413,0.6551724137931036,2.8478,Alta,0.18376068376068377,terminal_median,False,3.25,3690,True,15,15,15
991,0,2,1.25,1.25 kg,False,True,True,620,808,759,799,-0.049100000000000005,49,0.0,451,3.3878999999999997,0.09820000000000001,1089.0,3.3878999999999997,3.437,0.14730000000000001,0.09820000000000001,3.2897,97.10144927536233,0.04347826086956522,2.71032,Alta,0.09042553191489362,terminal_median,False,3.25,3690,True,15,15,15
991,0,8,1.25,1.25 kg,False,False,True,3502,3680,3579,3614,-0.049100000000000005,49,0.8838000000000001,3345,3.5843,,,2.7005,3.6334,,,,,,2.1604,Alta,0.3202247191011236,terminal_median,False,3.25,3690,True,15,15,0
991,0,4,1.75,1.25 kg + 0.5 kg,False,True,True,1611,1854,1797,1842,-0.049100000000000005,49,0.09820000000000001,1089,4.2226,0.24549999999999988,2047.0,4.1244,4.2717,0.29459999999999986,0.14729999999999988,3.9771,96.42857142857144,0.0714285714285714,2.3568,Alta,0.00823045267489712,terminal_median,False,3.25,3690,True,15,15,15
991,0,5,2.0,2 kg,False,True,True,2240,2496,2441,2484,-0.049100000000000005,49,0.24549999999999988,2047,6.0884,0.6874,2643.0,5.8429,6.1375,0.7365,0.4419000000000001,5.401,92.43697478991596,0.12605042016806722,2.92145,Alta,0.01953125,terminal_median,False,3.25,3690,True,15,15,15
991,0,7,2.5,2 kg + 0.5 kg,False,True,True,3025,3188,3136,3174,-0.049100000000000005,49,0.6874,2643,7.2668,0.8838000000000001,3345.0,6.5794,7.3159,0.9329000000000002,0.19640000000000013,6.383,97.01492537313433,0.14179104477611942,2.63176,Alta,0.17791411042944785,terminal_median,False,3.25,3690,True,15,15,15
991,0,9,3.25,2 kg + 1.25 kg,True,False,False,3680,3690,3680,3690,-0.049100000000000005,49,0.8838000000000001,3345,3.2405999999999997,,,2.3568,3.2897,,,,,,0.7251692307692307,Bassa,1.0,terminal_median,False,3.25,3690,True,15,15,0
992,0,1,0.5,0.5 kg,False,True,True,320,435,396,430,0.0,160,0.0,160,1.3748,0.049100000000000005,544.0,1.3748,1.3748,0.049100000000000005,0.049100000000000005,1.3257,96.42857142857143,0.03571428571428572,2.7496,Alta,0.12173913043478261,terminal_median,False,2.5,2530,False,15,15,15
992,0,3,0.5,0.5 kg,False,True,True,1050,1300,1187,1255,0.0,160,0.19640000000000002,945,1.5221,0.24549999999999988,1616.0,1.3256999999999999,1.5221,0.24549999999999988,0.049099999999999866,1.2766000000000002,96.29629629629632,0.18518518518518512,2.6513999999999998,Alta,0.192,terminal_median,False,2.5,2530,False,15,15,15
992,0,6,0.5,0.5 kg,False,False,True,2233,2493,2389,2458,0.0,160,0.44190000000000007,2097,1.9148999999999998,,,1.4729999999999999,1.9148999999999998,,,,,,2.9459999999999997,Alta,0.1576923076923077,terminal_median,False,2.5,2530,False,15,15,0
992,0,2,1.25,1.25 kg,False,True,True,653,840,785,831,0.0,160,0.049100000000000005,544,3.6334,0.19640000000000002,945.0,3.5843,3.6334,0.19640000000000002,0.14730000000000001,3.437,95.8904109589041,0.054794520547945216,2.8674399999999998,Alta,0.0427807486631016,terminal_median,False,2.5,2530,False,15,15,15
992,0,4,1.75,1.25 kg + 0.5 kg,False,True,True,1300,1468,1410,1460,0.0,160,0.19640000000000002,945,4.3698999999999995,0.24549999999999988,1616.0,4.1735,4.3698999999999995,0.24549999999999988,0.049099999999999866,4.1244,98.8235294117647,0.058823529411764684,2.384857142857143,Alta,0.09523809523809523,terminal_median,False,2.5,2530,False,15,15,15
992,0,5,2.0,2 kg,False,True,True,1765,1962,1904,1953,0.0,160,0.24549999999999988,1616,6.2357,0.44190000000000007,2097.0,5.9902,6.2357,0.44190000000000007,0.19640000000000019,5.793799999999999,96.72131147540982,0.0737704918032787,2.9951,Alta,0.04060913705583756,terminal_median,False,2.5,2530,False,15,15,15
992,0,7,2.5,2 kg + 0.5 kg,True,False,False,2493,2530,2517,2530,0.0,160,0.44190000000000007,2097,1.9148999999999998,,,1.4729999999999999,1.9148999999999998,,,,,,0.5892,Bassa,1.0,terminal_median,False,2.5,2530,False,15,15,0
