specimen,layer_index,frame_type,frame_idx,tip_x,tip_y,confidence,delta_x,delta_y,direction_deg,movement_px
Rec-027_std_2,1,pre,1120,296,330,0.9887,,,,
Rec-027_std_2,1,pre,1121,292,330,0.9887,-4.0,0.0,180.0,4.0
Rec-027_std_2,1,pre,1122,290,330,0.9835,-2.0,0.0,180.0,2.0
Rec-027_std_2,1,pre,1123,290,331,0.9878,0.0,1.0,-90.0,1.0
Rec-027_std_2,1,pre,1124,290,331,0.9876,0.0,0.0,0.0,0.0
Rec-027_std_2,1,core,1125,290,331,0.984,0.0,0.0,0.0,0.0
Rec-027_std_2,1,core,1126,293,331,0.9832,3.0,0.0,0.0,3.0
Rec-027_std_2,1,core,1127,297,331,0.9817,4.0,0.0,0.0,4.0
Rec-027_std_2,1,core,1128,302,331,0.9845,5.0,0.0,0.0,5.0
Rec-027_std_2,1,core,1129,306,331,0.9825,4.0,0.0,0.0,4.0
Rec-027_std_2,1,core,1130,311,331,0.9854,5.0,0.0,0.0,5.0
Rec-027_std_2,1,core,1131,315,331,0.9827,4.0,0.0,0.0,4.0
Rec-027_std_2,1,core,1132,320,331,0.9855,5.0,0.0,0.0,5.0
Rec-027_std_2,1,core,1133,324,331,0.9823,4.0,0.0,0.0,4.0
Rec-027_std_2,1,core,1134,329,331,0.9854,5.0,0.0,0.0,5.0
Rec-027_std_2,1,core,1135,334,331,0.9821,5.0,0.0,0.0,5.0
Rec-027_std_2,1,core,1136,338,331,0.985,4.0,0.0,0.0,4.0
Rec-027_std_2,1,core,1137,343,331,0.9822,5.0,0.0,0.0,5.0
Rec-027_std_2,1,core,1138,347,331,0.984,4.0,0.0,0.0,4.0
Rec-027_std_2,1,core,1139,355,331,0.9817,8.0,0.0,0.0,8.0
Rec-027_std_2,1,post,1140,355,330,0.9893,0.0,-1.0,90.0,1.0
Rec-027_std_2,1,post,1141,351,330,0.9793,-4.0,0.0,180.0,4.0
Rec-027_std_2,1,post,1142,340,331,0.9883,-11.0,1.0,-174.81,11.05
Rec-027_std_2,1,post,1143,340,331,0.9871,0.0,0.0,0.0,0.0
Rec-027_std_2,1,post,1144,340,330,0.9858,0.0,-1.0,90.0,1.0
Rec-027_std_2,2,pre,1280,291,330,0.9872,,,,
Rec-027_std_2,2,pre,1281,290,330,0.9837,-1.0,0.0,180.0,1.0
Rec-027_std_2,2,pre,1282,290,331,0.9862,0.0,1.0,-90.0,1.0
Rec-027_std_2,2,pre,1283,290,331,0.9885,0.0,0.0,0.0,0.0
Rec-027_std_2,2,pre,1284,290,331,0.9879,0.0,0.0,0.0,0.0
Rec-027_std_2,2,core,1285,290,331,0.984,0.0,0.0,0.0,0.0
Rec-027_std_2,2,core,1286,294,331,0.981,4.0,0.0,0.0,4.0
Rec-027_std_2,2,core,1287,298,331,0.9844,4.0,0.0,0.0,4.0
Rec-027_std_2,2,core,1288,302,331,0.9814,4.0,0.0,0.0,4.0
Rec-027_std_2,2,core,1289,307,331,0.9855,5.0,0.0,0.0,5.0
Rec-027_std_2,2,core,1290,312,331,0.9829,5.0,0.0,0.0,5.0
Rec-027_std_2,2,core,1291,321,331,0.9842,9.0,0.0,0.0,9.0
Rec-027_std_2,2,core,1292,330,331,0.9848,9.0,0.0,0.0,9.0
Rec-027_std_2,2,core,1293,334,331,0.9862,4.0,0.0,0.0,4.0
Rec-027_std_2,2,core,1294,339,331,0.9851,5.0,0.0,0.0,5.0
Rec-027_std_2,2,core,1295,343,331,0.985,4.0,0.0,0.0,4.0
Rec-027_std_2,2,core,1296,352,331,0.9828,9.0,0.0,0.0,9.0
Rec-027_std_2,2,core,1297,355,331,0.9813,3.0,0.0,0.0,3.0
Rec-027_std_2,2,post,1298,355,330,0.9903,0.0,-1.0,90.0,1.0
Rec-027_std_2,2,post,1299,355,330,0.9901,0.0,0.0,0.0,0.0
Rec-027_std_2,2,post,1300,348,330,0.9715,-7.0,0.0,180.0,7.0
Rec-027_std_2,2,post,1301,341,331,0.99,-7.0,1.0,-171.87,7.07
Rec-027_std_2,2,post,1302,341,331,0.9871,0.0,0.0,0.0,0.0
Rec-027_std_2,3,pre,1445,300,330,0.9876,,,,
Rec-027_std_2,3,pre,1446,291,330,0.9902,-9.0,0.0,180.0,9.0
Rec-027_std_2,3,pre,1447,291,330,0.986,0.0,0.0,0.0,0.0
Rec-027_std_2,3,pre,1448,290,331,0.9877,-1.0,1.0,-135.0,1.41
Rec-027_std_2,3,pre,1449,290,331,0.9891,0.0,0.0,0.0,0.0
Rec-027_std_2,3,core,1450,291,331,0.9837,1.0,0.0,0.0,1.0
Rec-027_std_2,3,core,1451,295,331,0.9828,4.0,0.0,0.0,4.0
Rec-027_std_2,3,core,1452,300,331,0.9848,5.0,0.0,0.0,5.0
Rec-027_std_2,3,core,1453,304,331,0.9841,4.0,0.0,0.0,4.0
Rec-027_std_2,3,core,1454,309,331,0.9859,5.0,0.0,0.0,5.0
Rec-027_std_2,3,core,1455,318,331,0.9864,9.0,0.0,0.0,9.0
Rec-027_std_2,3,core,1456,322,331,0.9836,4.0,0.0,0.0,4.0
Rec-027_std_2,3,core,1457,327,331,0.9862,5.0,0.0,0.0,5.0
Rec-027_std_2,3,core,1458,331,331,0.9832,4.0,0.0,0.0,4.0
Rec-027_std_2,3,core,1459,336,331,0.9863,5.0,0.0,0.0,5.0
Rec-027_std_2,3,core,1460,341,331,0.9828,5.0,0.0,0.0,5.0
Rec-027_std_2,3,core,1461,345,331,0.9854,4.0,0.0,0.0,4.0
Rec-027_std_2,3,core,1462,350,331,0.9809,5.0,0.0,0.0,5.0
Rec-027_std_2,3,core,1463,354,331,0.9831,4.0,0.0,0.0,4.0
Rec-027_std_2,3,post,1464,355,330,0.9867,1.0,-1.0,45.0,1.41
Rec-027_std_2,3,post,1465,355,330,0.9908,0.0,0.0,0.0,0.0
Rec-027_std_2,3,post,1466,355,330,0.9915,0.0,0.0,0.0,0.0
Rec-027_std_2,3,post,1467,343,331,0.9815,-12.0,1.0,-175.24,12.04
Rec-027_std_2,3,post,1468,341,331,0.9894,-2.0,0.0,180.0,2.0
Rec-027_std_2,4,pre,1607,298,330,0.991,,,,
Rec-027_std_2,4,pre,1608,291,330,0.9886,-7.0,0.0,180.0,7.0
Rec-027_std_2,4,pre,1609,290,330,0.9848,-1.0,0.0,180.0,1.0
Rec-027_std_2,4,pre,1610,290,331,0.9859,0.0,1.0,-90.0,1.0
Rec-027_std_2,4,pre,1611,290,331,0.9885,0.0,0.0,0.0,0.0
Rec-027_std_2,4,core,1612,290,331,0.9849,0.0,0.0,0.0,0.0
Rec-027_std_2,4,core,1613,293,331,0.9841,3.0,0.0,0.0,3.0
Rec-027_std_2,4,core,1614,298,331,0.9824,5.0,0.0,0.0,5.0
Rec-027_std_2,4,core,1615,302,331,0.9854,4.0,0.0,0.0,4.0
Rec-027_std_2,4,core,1616,307,331,0.9826,5.0,0.0,0.0,5.0
Rec-027_std_2,4,core,1617,311,331,0.9865,4.0,0.0,0.0,4.0
Rec-027_std_2,4,core,1618,316,331,0.9841,5.0,0.0,0.0,5.0
Rec-027_std_2,4,core,1619,320,331,0.9864,4.0,0.0,0.0,4.0
Rec-027_std_2,4,core,1620,325,331,0.984,5.0,0.0,0.0,5.0
Rec-027_std_2,4,core,1621,329,331,0.9865,4.0,0.0,0.0,4.0
Rec-027_std_2,4,core,1622,338,331,0.9862,9.0,0.0,0.0,9.0
Rec-027_std_2,4,core,1623,343,331,0.9849,5.0,0.0,0.0,5.0
Rec-027_std_2,4,core,1624,347,331,0.9847,4.0,0.0,0.0,4.0
Rec-027_std_2,4,core,1625,355,331,0.9831,8.0,0.0,0.0,8.0
Rec-027_std_2,4,post,1626,355,330,0.9906,0.0,-1.0,90.0,1.0
Rec-027_std_2,4,post,1627,355,330,0.9907,0.0,0.0,0.0,0.0
Rec-027_std_2,4,post,1628,352,330,0.9882,-3.0,0.0,180.0,3.0
Rec-027_std_2,4,post,1629,350,330,0.9882,-2.0,0.0,180.0,2.0
Rec-027_std_2,4,post,1630,348,330,0.987,-2.0,0.0,180.0,2.0
Rec-027_std_2,5,pre,1762,290,330,0.9866,,,,
Rec-027_std_2,5,pre,1763,290,330,0.9831,0.0,0.0,0.0,0.0
Rec-027_std_2,5,pre,1764,290,331,0.9883,0.0,1.0,-90.0,1.0
Rec-027_std_2,5,pre,1765,290,331,0.9894,0.0,0.0,0.0,0.0
Rec-027_std_2,5,pre,1766,290,331,0.9875,0.0,0.0,0.0,0.0
Rec-027_std_2,5,core,1767,291,331,0.9833,1.0,0.0,0.0,1.0
Rec-027_std_2,5,core,1768,304,331,0.9855,13.0,0.0,0.0,13.0
Rec-027_std_2,5,core,1769,309,331,0.9841,5.0,0.0,0.0,5.0
Rec-027_std_2,5,core,1770,322,331,0.9864,13.0,0.0,0.0,13.0
Rec-027_std_2,5,core,1771,327,331,0.9858,5.0,0.0,0.0,5.0
Rec-027_std_2,5,core,1772,331,331,0.9866,4.0,0.0,0.0,4.0
Rec-027_std_2,5,core,1773,336,331,0.9861,5.0,0.0,0.0,5.0
Rec-027_std_2,5,core,1774,345,331,0.9853,9.0,0.0,0.0,9.0
Rec-027_std_2,5,core,1775,354,331,0.9833,9.0,0.0,0.0,9.0
Rec-027_std_2,5,post,1776,355,330,0.9913,1.0,-1.0,45.0,1.41
Rec-027_std_2,5,post,1777,343,331,0.9807,-12.0,1.0,-175.24,12.04
Rec-027_std_2,5,post,1778,341,331,0.9895,-2.0,0.0,180.0,2.0
Rec-027_std_2,5,post,1779,341,331,0.9876,0.0,0.0,0.0,0.0
Rec-027_std_2,5,post,1780,340,330,0.9884,-1.0,-1.0,135.0,1.41
Rec-027_std_2,6,pre,1905,294,330,0.9899,,,,
Rec-027_std_2,6,pre,1906,291,330,0.9899,-3.0,0.0,180.0,3.0
Rec-027_std_2,6,pre,1907,290,331,0.9857,-1.0,1.0,-135.0,1.41
Rec-027_std_2,6,pre,1908,290,331,0.9892,0.0,0.0,0.0,0.0
Rec-027_std_2,6,pre,1909,290,331,0.9888,0.0,0.0,0.0,0.0
Rec-027_std_2,6,core,1910,290,331,0.9857,0.0,0.0,0.0,0.0
Rec-027_std_2,6,core,1911,293,331,0.9822,3.0,0.0,0.0,3.0
Rec-027_std_2,6,core,1912,302,331,0.9839,9.0,0.0,0.0,9.0
Rec-027_std_2,6,core,1913,316,331,0.9874,14.0,0.0,0.0,14.0
Rec-027_std_2,6,core,1914,321,331,0.9839,5.0,0.0,0.0,5.0
Rec-027_std_2,6,core,1915,325,331,0.9874,4.0,0.0,0.0,4.0
Rec-027_std_2,6,core,1916,334,331,0.9872,9.0,0.0,0.0,9.0
Rec-027_std_2,6,core,1917,343,331,0.9863,9.0,0.0,0.0,9.0
Rec-027_std_2,6,core,1918,348,331,0.9831,5.0,0.0,0.0,5.0
Rec-027_std_2,6,core,1919,352,331,0.9844,4.0,0.0,0.0,4.0
Rec-027_std_2,6,core,1920,355,331,0.9822,3.0,0.0,0.0,3.0
Rec-027_std_2,6,core,1921,355,330,0.9917,0.0,-1.0,90.0,1.0
Rec-027_std_2,6,post,1922,355,330,0.9915,0.0,0.0,0.0,0.0
Rec-027_std_2,6,post,1923,349,330,0.9776,-6.0,0.0,180.0,6.0
Rec-027_std_2,6,post,1924,341,330,0.9952,-8.0,0.0,180.0,8.0
Rec-027_std_2,6,post,1925,342,330,0.9952,1.0,0.0,0.0,1.0
Rec-027_std_2,6,post,1926,346,330,0.9937,4.0,0.0,0.0,4.0
Rec-027_std_2,7,pre,2053,301,330,0.9906,,,,
Rec-027_std_2,7,pre,2054,296,330,0.9906,-5.0,0.0,180.0,5.0
Rec-027_std_2,7,pre,2055,292,330,0.9891,-4.0,0.0,180.0,4.0
Rec-027_std_2,7,pre,2056,290,331,0.9845,-2.0,1.0,-153.43,2.24
Rec-027_std_2,7,pre,2057,290,331,0.9888,0.0,0.0,0.0,0.0
Rec-027_std_2,7,core,2058,290,331,0.9897,0.0,0.0,0.0,0.0
Rec-027_std_2,7,core,2059,297,331,0.983,7.0,0.0,0.0,7.0
Rec-027_std_2,7,core,2060,301,331,0.9868,4.0,0.0,0.0,4.0
Rec-027_std_2,7,core,2061,305,331,0.9839,4.0,0.0,0.0,4.0
Rec-027_std_2,7,core,2062,310,331,0.9879,5.0,0.0,0.0,5.0
Rec-027_std_2,7,core,2063,315,331,0.9849,5.0,0.0,0.0,5.0
Rec-027_std_2,7,core,2064,319,331,0.9878,4.0,0.0,0.0,4.0
Rec-027_std_2,7,core,2065,324,331,0.9853,5.0,0.0,0.0,5.0
Rec-027_std_2,7,core,2066,328,331,0.9877,4.0,0.0,0.0,4.0
Rec-027_std_2,7,core,2067,333,331,0.9857,5.0,0.0,0.0,5.0
Rec-027_std_2,7,core,2068,337,331,0.9872,4.0,0.0,0.0,4.0
Rec-027_std_2,7,core,2069,342,331,0.9855,5.0,0.0,0.0,5.0
Rec-027_std_2,7,core,2070,346,331,0.986,4.0,0.0,0.0,4.0
Rec-027_std_2,7,core,2071,351,331,0.9836,5.0,0.0,0.0,5.0
Rec-027_std_2,7,core,2072,355,331,0.9838,4.0,0.0,0.0,4.0
Rec-027_std_2,7,post,2073,355,330,0.9916,0.0,-1.0,90.0,1.0
Rec-027_std_2,7,post,2074,355,330,0.9921,0.0,0.0,0.0,0.0
Rec-027_std_2,7,post,2075,354,330,0.9923,-1.0,0.0,180.0,1.0
Rec-027_std_2,7,post,2076,347,330,0.9865,-7.0,0.0,180.0,7.0
Rec-027_std_2,7,post,2077,346,330,0.9846,-1.0,0.0,180.0,1.0
Rec-027_std_2,8,pre,2208,304,330,0.991,,,,
Rec-027_std_2,8,pre,2209,300,330,0.992,-4.0,0.0,180.0,4.0
Rec-027_std_2,8,pre,2210,295,330,0.988,-5.0,0.0,180.0,5.0
Rec-027_std_2,8,pre,2211,290,331,0.9857,-5.0,1.0,-168.69,5.1
Rec-027_std_2,8,pre,2212,290,331,0.9896,0.0,0.0,0.0,0.0
Rec-027_std_2,8,core,2213,290,331,0.9861,0.0,0.0,0.0,0.0
Rec-027_std_2,8,core,2214,298,331,0.9862,8.0,0.0,0.0,8.0
Rec-027_std_2,8,core,2215,302,331,0.9863,4.0,0.0,0.0,4.0
Rec-027_std_2,8,core,2216,307,331,0.9872,5.0,0.0,0.0,5.0
Rec-027_std_2,8,core,2217,311,331,0.987,4.0,0.0,0.0,4.0
Rec-027_std_2,8,core,2218,320,331,0.9862,9.0,0.0,0.0,9.0
Rec-027_std_2,8,core,2219,325,331,0.9875,5.0,0.0,0.0,5.0
Rec-027_std_2,8,core,2220,329,331,0.9856,4.0,0.0,0.0,4.0
Rec-027_std_2,8,core,2221,334,331,0.9877,5.0,0.0,0.0,5.0
Rec-027_std_2,8,core,2222,338,331,0.9847,4.0,0.0,0.0,4.0
Rec-027_std_2,8,core,2223,343,331,0.9869,5.0,0.0,0.0,5.0
Rec-027_std_2,8,core,2224,347,331,0.9829,4.0,0.0,0.0,4.0
Rec-027_std_2,8,core,2225,352,331,0.9848,5.0,0.0,0.0,5.0
Rec-027_std_2,8,core,2226,355,331,0.9829,3.0,0.0,0.0,3.0
Rec-027_std_2,8,post,2227,355,330,0.992,0.0,-1.0,90.0,1.0
Rec-027_std_2,8,post,2228,355,330,0.9918,0.0,0.0,0.0,0.0
Rec-027_std_2,8,post,2229,351,330,0.9853,-4.0,0.0,180.0,4.0
Rec-027_std_2,8,post,2230,347,330,0.9876,-4.0,0.0,180.0,4.0
Rec-027_std_2,8,post,2231,347,330,0.9856,0.0,0.0,0.0,0.0
Rec-027_std_2,9,pre,2362,297,330,0.9913,,,,
Rec-027_std_2,9,pre,2363,293,330,0.9879,-4.0,0.0,180.0,4.0
Rec-027_std_2,9,pre,2364,290,330,0.9883,-3.0,0.0,180.0,3.0
Rec-027_std_2,9,pre,2365,290,331,0.9852,0.0,1.0,-90.0,1.0
Rec-027_std_2,9,pre,2366,290,331,0.99,0.0,0.0,0.0,0.0
Rec-027_std_2,9,core,2367,290,331,0.9873,0.0,0.0,0.0,0.0
Rec-027_std_2,9,core,2368,301,331,0.9869,11.0,0.0,0.0,11.0
Rec-027_std_2,9,core,2369,310,331,0.9876,9.0,0.0,0.0,9.0
Rec-027_std_2,9,core,2370,315,331,0.9872,5.0,0.0,0.0,5.0
Rec-027_std_2,9,core,2371,324,331,0.9874,9.0,0.0,0.0,9.0
Rec-027_std_2,9,core,2372,333,331,0.9876,9.0,0.0,0.0,9.0
Rec-027_std_2,9,core,2373,337,331,0.9866,4.0,0.0,0.0,4.0
Rec-027_std_2,9,core,2374,342,331,0.9872,5.0,0.0,0.0,5.0
Rec-027_std_2,9,core,2375,346,331,0.9851,4.0,0.0,0.0,4.0
Rec-027_std_2,9,core,2376,351,331,0.9853,5.0,0.0,0.0,5.0
Rec-027_std_2,9,core,2377,355,331,0.9849,4.0,0.0,0.0,4.0
Rec-027_std_2,9,post,2378,355,330,0.9921,0.0,-1.0,90.0,1.0
Rec-027_std_2,9,post,2379,355,330,0.9924,0.0,0.0,0.0,0.0
Rec-027_std_2,9,post,2380,353,330,0.9895,-2.0,0.0,180.0,2.0
Rec-027_std_2,9,post,2381,331,330,0.9821,-22.0,0.0,180.0,22.0
Rec-027_std_2,9,post,2382,328,330,0.9934,-3.0,0.0,180.0,3.0
Rec-027_std_2,10,pre,2509,295,330,0.991,,,,
Rec-027_std_2,10,pre,2510,291,330,0.9905,-4.0,0.0,180.0,4.0
Rec-027_std_2,10,pre,2511,290,330,0.9868,-1.0,0.0,180.0,1.0
Rec-027_std_2,10,pre,2512,290,331,0.9875,0.0,1.0,-90.0,1.0
Rec-027_std_2,10,pre,2513,290,331,0.9892,0.0,0.0,0.0,0.0
Rec-027_std_2,10,core,2514,290,331,0.9827,0.0,0.0,0.0,0.0
Rec-027_std_2,10,core,2515,304,331,0.9869,14.0,0.0,0.0,14.0
Rec-027_std_2,10,core,2516,313,331,0.9877,9.0,0.0,0.0,9.0
Rec-027_std_2,10,core,2517,322,331,0.9884,9.0,0.0,0.0,9.0
Rec-027_std_2,10,core,2518,326,331,0.9862,4.0,0.0,0.0,4.0
Rec-027_std_2,10,core,2519,331,331,0.9882,5.0,0.0,0.0,5.0
Rec-027_std_2,10,core,2520,335,331,0.9855,4.0,0.0,0.0,4.0
Rec-027_std_2,10,core,2521,340,331,0.9879,5.0,0.0,0.0,5.0
Rec-027_std_2,10,core,2522,344,331,0.9838,4.0,0.0,0.0,4.0
Rec-027_std_2,10,core,2523,349,331,0.9862,5.0,0.0,0.0,5.0
Rec-027_std_2,10,core,2524,353,331,0.982,4.0,0.0,0.0,4.0
Rec-027_std_2,10,core,2525,355,330,0.9878,2.0,-1.0,26.57,2.24
Rec-027_std_2,10,post,2526,355,330,0.9932,0.0,0.0,0.0,0.0
Rec-027_std_2,10,post,2527,355,330,0.9925,0.0,0.0,0.0,0.0
Rec-027_std_2,10,post,2528,344,330,0.9822,-11.0,0.0,180.0,11.0
Rec-027_std_2,10,post,2529,341,330,0.9963,-3.0,0.0,180.0,3.0
Rec-027_std_2,10,post,2530,341,330,0.9963,0.0,0.0,0.0,0.0
Rec-027_std_2,11,pre,2655,292,330,0.9871,,,,
Rec-027_std_2,11,pre,2656,290,330,0.9878,-2.0,0.0,180.0,2.0
Rec-027_std_2,11,pre,2657,290,331,0.987,0.0,1.0,-90.0,1.0
Rec-027_std_2,11,pre,2658,290,331,0.9901,0.0,0.0,0.0,0.0
Rec-027_std_2,11,pre,2659,290,331,0.9897,0.0,0.0,0.0,0.0
Rec-027_std_2,11,core,2660,290,331,0.9861,0.0,0.0,0.0,0.0
Rec-027_std_2,11,core,2661,294,331,0.9857,4.0,0.0,0.0,4.0
Rec-027_std_2,11,core,2662,299,331,0.9872,5.0,0.0,0.0,5.0
Rec-027_std_2,11,core,2663,303,331,0.9871,4.0,0.0,0.0,4.0
Rec-027_std_2,11,core,2664,308,331,0.9877,5.0,0.0,0.0,5.0
Rec-027_std_2,11,core,2665,317,331,0.988,9.0,0.0,0.0,9.0
Rec-027_std_2,11,core,2666,321,331,0.9869,4.0,0.0,0.0,4.0
Rec-027_std_2,11,core,2667,326,331,0.9881,5.0,0.0,0.0,5.0
Rec-027_std_2,11,core,2668,339,331,0.9851,13.0,0.0,0.0,13.0
Rec-027_std_2,11,core,2669,344,331,0.9872,5.0,0.0,0.0,5.0
Rec-027_std_2,11,core,2670,348,331,0.9837,4.0,0.0,0.0,4.0
Rec-027_std_2,11,core,2671,355,330,0.9864,7.0,-1.0,8.13,7.07
Rec-027_std_2,11,post,2672,355,330,0.9926,0.0,0.0,0.0,0.0
Rec-027_std_2,11,post,2673,343,330,0.9564,-12.0,0.0,180.0,12.0
Rec-027_std_2,11,post,2674,333,331,0.9909,-10.0,1.0,-174.29,10.05
Rec-027_std_2,11,post,2675,333,331,0.9893,0.0,0.0,0.0,0.0
Rec-027_std_2,11,post,2676,332,330,0.9865,-1.0,-1.0,135.0,1.41
Rec-027_std_2,12,pre,2793,299,330,0.9919,,,,
Rec-027_std_2,12,pre,2794,291,330,0.9894,-8.0,0.0,180.0,8.0
Rec-027_std_2,12,pre,2795,290,330,0.9859,-1.0,0.0,180.0,1.0
Rec-027_std_2,12,pre,2796,290,331,0.9883,0.0,1.0,-90.0,1.0
Rec-027_std_2,12,pre,2797,290,331,0.9904,0.0,0.0,0.0,0.0
Rec-027_std_2,12,core,2798,290,331,0.9884,0.0,0.0,0.0,0.0
Rec-027_std_2,12,core,2799,292,331,0.985,2.0,0.0,0.0,2.0
Rec-027_std_2,12,core,2800,296,331,0.9864,4.0,0.0,0.0,4.0
Rec-027_std_2,12,core,2801,301,331,0.9861,5.0,0.0,0.0,5.0
Rec-027_std_2,12,core,2802,305,331,0.9875,4.0,0.0,0.0,4.0
Rec-027_std_2,12,core,2803,310,331,0.9873,5.0,0.0,0.0,5.0
Rec-027_std_2,12,core,2804,314,331,0.9879,4.0,0.0,0.0,4.0
Rec-027_std_2,12,core,2805,319,331,0.988,5.0,0.0,0.0,5.0
Rec-027_std_2,12,core,2806,323,331,0.9879,4.0,0.0,0.0,4.0
Rec-027_std_2,12,core,2807,328,331,0.9878,5.0,0.0,0.0,5.0
Rec-027_std_2,12,core,2808,332,331,0.9872,4.0,0.0,0.0,4.0
Rec-027_std_2,12,core,2809,337,331,0.9877,5.0,0.0,0.0,5.0
Rec-027_std_2,12,core,2810,341,331,0.9856,4.0,0.0,0.0,4.0
Rec-027_std_2,12,core,2811,346,331,0.9865,5.0,0.0,0.0,5.0
Rec-027_std_2,12,core,2812,350,331,0.984,4.0,0.0,0.0,4.0
Rec-027_std_2,12,core,2813,355,331,0.983,5.0,0.0,0.0,5.0
Rec-027_std_2,12,post,2814,355,330,0.9924,0.0,-1.0,90.0,1.0
Rec-027_std_2,12,post,2815,355,330,0.9932,0.0,0.0,0.0,0.0
Rec-027_std_2,12,post,2816,348,330,0.9934,-7.0,0.0,180.0,7.0
Rec-027_std_2,12,post,2817,350,330,0.9943,2.0,0.0,0.0,2.0
Rec-027_std_2,12,post,2818,349,330,0.992,-1.0,0.0,180.0,1.0
Rec-027_std_2,13,pre,2931,293,330,0.989,,,,
Rec-027_std_2,13,pre,2932,290,330,0.9883,-3.0,0.0,180.0,3.0
Rec-027_std_2,13,pre,2933,290,331,0.9872,0.0,1.0,-90.0,1.0
Rec-027_std_2,13,pre,2934,290,331,0.9903,0.0,0.0,0.0,0.0
Rec-027_std_2,13,pre,2935,290,331,0.9905,0.0,0.0,0.0,0.0
Rec-027_std_2,13,core,2936,290,331,0.9876,0.0,0.0,0.0,0.0
Rec-027_std_2,13,core,2937,293,331,0.9846,3.0,0.0,0.0,3.0
Rec-027_std_2,13,core,2938,298,331,0.988,5.0,0.0,0.0,5.0
Rec-027_std_2,13,core,2939,302,331,0.9866,4.0,0.0,0.0,4.0
Rec-027_std_2,13,core,2940,316,331,0.9892,14.0,0.0,0.0,14.0
Rec-027_std_2,13,core,2941,325,331,0.9897,9.0,0.0,0.0,9.0
Rec-027_std_2,13,core,2942,330,331,0.9866,5.0,0.0,0.0,5.0
Rec-027_std_2,13,core,2943,334,331,0.9894,4.0,0.0,0.0,4.0
Rec-027_std_2,13,core,2944,339,331,0.9861,5.0,0.0,0.0,5.0
Rec-027_std_2,13,core,2945,348,331,0.9842,9.0,0.0,0.0,9.0
Rec-027_std_2,13,core,2946,352,331,0.9859,4.0,0.0,0.0,4.0
Rec-027_std_2,13,core,2947,355,330,0.9846,3.0,-1.0,18.43,3.16
Rec-027_std_2,13,post,2948,355,330,0.9933,0.0,0.0,0.0,0.0
Rec-027_std_2,13,post,2949,355,330,0.993,0.0,0.0,0.0,0.0
Rec-027_std_2,13,post,2950,351,330,0.9919,-4.0,0.0,180.0,4.0
Rec-027_std_2,13,post,2951,350,330,0.9941,-1.0,0.0,180.0,1.0
Rec-027_std_2,13,post,2952,350,330,0.9922,0.0,0.0,0.0,0.0
Rec-027_std_2,14,pre,3071,296,330,0.9885,,,,
Rec-027_std_2,14,pre,3072,291,330,0.9888,-5.0,0.0,180.0,5.0
Rec-027_std_2,14,pre,3073,290,330,0.9871,-1.0,0.0,180.0,1.0
Rec-027_std_2,14,pre,3074,290,331,0.9892,0.0,1.0,-90.0,1.0
Rec-027_std_2,14,pre,3075,290,331,0.991,0.0,0.0,0.0,0.0
Rec-027_std_2,14,core,3076,290,331,0.9892,0.0,0.0,0.0,0.0
Rec-027_std_2,14,core,3077,291,331,0.984,1.0,0.0,0.0,1.0
Rec-027_std_2,14,core,3078,296,331,0.988,5.0,0.0,0.0,5.0
Rec-027_std_2,14,core,3079,300,331,0.9857,4.0,0.0,0.0,4.0
Rec-027_std_2,14,core,3080,305,331,0.9889,5.0,0.0,0.0,5.0
Rec-027_std_2,14,core,3081,310,331,0.9859,5.0,0.0,0.0,5.0
Rec-027_std_2,14,core,3082,314,331,0.9895,4.0,0.0,0.0,4.0
Rec-027_std_2,14,core,3083,323,331,0.9894,9.0,0.0,0.0,9.0
Rec-027_std_2,14,core,3084,328,331,0.9867,5.0,0.0,0.0,5.0
Rec-027_std_2,14,core,3085,332,331,0.9895,4.0,0.0,0.0,4.0
Rec-027_std_2,14,core,3086,337,331,0.9874,5.0,0.0,0.0,5.0
Rec-027_std_2,14,core,3087,341,331,0.9889,4.0,0.0,0.0,4.0
Rec-027_std_2,14,core,3088,346,331,0.9866,5.0,0.0,0.0,5.0
Rec-027_std_2,14,core,3089,350,331,0.9877,4.0,0.0,0.0,4.0
Rec-027_std_2,14,core,3090,355,330,0.993,5.0,-1.0,11.31,5.1
Rec-027_std_2,14,post,3091,345,330,0.9926,-10.0,0.0,180.0,10.0
Rec-027_std_2,14,post,3092,344,330,0.9941,-1.0,0.0,180.0,1.0
Rec-027_std_2,14,post,3093,345,330,0.9917,1.0,0.0,0.0,1.0
Rec-027_std_2,14,post,3094,347,331,0.9856,2.0,1.0,-26.57,2.24
Rec-027_std_2,14,post,3095,349,330,0.9925,2.0,-1.0,26.57,2.24
Rec-027_std_2,15,pre,3207,298,330,0.9882,,,,
Rec-027_std_2,15,pre,3208,293,330,0.9887,-5.0,0.0,180.0,5.0
Rec-027_std_2,15,pre,3209,290,330,0.9883,-3.0,0.0,180.0,3.0
Rec-027_std_2,15,pre,3210,290,331,0.9881,0.0,1.0,-90.0,1.0
Rec-027_std_2,15,pre,3211,290,331,0.9909,0.0,0.0,0.0,0.0
Rec-027_std_2,15,core,3212,290,331,0.9856,0.0,0.0,0.0,0.0
Rec-027_std_2,15,core,3213,299,331,0.9883,9.0,0.0,0.0,9.0
Rec-027_std_2,15,core,3214,303,331,0.9862,4.0,0.0,0.0,4.0
Rec-027_std_2,15,core,3215,312,331,0.9865,9.0,0.0,0.0,9.0
Rec-027_std_2,15,core,3216,317,331,0.9895,5.0,0.0,0.0,5.0
Rec-027_std_2,15,core,3217,326,331,0.9896,9.0,0.0,0.0,9.0
Rec-027_std_2,15,core,3218,331,331,0.9869,5.0,0.0,0.0,5.0
Rec-027_std_2,15,core,3219,335,331,0.9895,4.0,0.0,0.0,4.0
Rec-027_std_2,15,core,3220,340,331,0.9876,5.0,0.0,0.0,5.0
Rec-027_std_2,15,core,3221,344,331,0.9884,4.0,0.0,0.0,4.0
Rec-027_std_2,15,core,3222,349,331,0.9862,5.0,0.0,0.0,5.0
Rec-027_std_2,15,core,3223,353,331,0.9867,4.0,0.0,0.0,4.0
Rec-027_std_2,15,core,3224,355,330,0.9871,2.0,-1.0,26.57,2.24
Rec-027_std_2,15,post,3225,355,330,0.9936,0.0,0.0,0.0,0.0
Rec-027_std_2,15,post,3226,355,330,0.9924,0.0,0.0,0.0,0.0
Rec-027_std_2,15,post,3227,351,330,0.9948,-4.0,0.0,180.0,4.0
Rec-027_std_2,15,post,3228,350,330,0.9932,-1.0,0.0,180.0,1.0
Rec-027_std_2,15,post,3229,350,330,0.9922,0.0,0.0,0.0,0.0
Rec-027_std_2,16,pre,3349,296,330,0.9866,,,,
Rec-027_std_2,16,pre,3350,291,330,0.9864,-5.0,0.0,180.0,5.0
Rec-027_std_2,16,pre,3351,290,331,0.9871,-1.0,1.0,-135.0,1.41
Rec-027_std_2,16,pre,3352,290,331,0.9911,0.0,0.0,0.0,0.0
Rec-027_std_2,16,pre,3353,290,331,0.9913,0.0,0.0,0.0,0.0
Rec-027_std_2,16,core,3354,290,331,0.9877,0.0,0.0,0.0,0.0
Rec-027_std_2,16,core,3355,292,331,0.985,2.0,0.0,0.0,2.0
Rec-027_std_2,16,core,3356,297,331,0.9872,5.0,0.0,0.0,5.0
Rec-027_std_2,16,core,3357,301,331,0.987,4.0,0.0,0.0,4.0
Rec-027_std_2,16,core,3358,306,331,0.9879,5.0,0.0,0.0,5.0
Rec-027_std_2,16,core,3359,310,331,0.9874,4.0,0.0,0.0,4.0
Rec-027_std_2,16,core,3360,315,331,0.9893,5.0,0.0,0.0,5.0
Rec-027_std_2,16,core,3361,319,331,0.9872,4.0,0.0,0.0,4.0
Rec-027_std_2,16,core,3362,324,331,0.9897,5.0,0.0,0.0,5.0
Rec-027_std_2,16,core,3363,333,331,0.9901,9.0,0.0,0.0,9.0
Rec-027_std_2,16,core,3364,337,331,0.9865,4.0,0.0,0.0,4.0
Rec-027_std_2,16,core,3365,342,331,0.9899,5.0,0.0,0.0,5.0
Rec-027_std_2,16,core,3366,346,331,0.9856,4.0,0.0,0.0,4.0
Rec-027_std_2,16,core,3367,351,331,0.9884,5.0,0.0,0.0,5.0
Rec-027_std_2,16,core,3368,355,331,0.9881,4.0,0.0,0.0,4.0
Rec-027_std_2,16,post,3369,355,330,0.9934,0.0,-1.0,90.0,1.0
Rec-027_std_2,16,post,3370,355,330,0.993,0.0,0.0,0.0,0.0
Rec-027_std_2,16,post,3371,353,330,0.9916,-2.0,0.0,180.0,2.0
Rec-027_std_2,16,post,3372,350,330,0.9898,-3.0,0.0,180.0,3.0
Rec-027_std_2,16,post,3373,351,330,0.9882,1.0,0.0,0.0,1.0
Rec-027_std_2,17,pre,3490,306,330,0.991,,,,
Rec-027_std_2,17,pre,3491,297,330,0.9887,-9.0,0.0,180.0,9.0
Rec-027_std_2,17,pre,3492,290,330,0.9863,-7.0,0.0,180.0,7.0
Rec-027_std_2,17,pre,3493,290,331,0.9899,0.0,1.0,-90.0,1.0
Rec-027_std_2,17,pre,3494,290,331,0.9907,0.0,0.0,0.0,0.0
Rec-027_std_2,17,core,3495,290,331,0.9881,0.0,0.0,0.0,0.0
Rec-027_std_2,17,core,3496,296,331,0.9866,6.0,0.0,0.0,6.0
Rec-027_std_2,17,core,3497,300,331,0.9853,4.0,0.0,0.0,4.0
Rec-027_std_2,17,core,3498,305,331,0.9875,5.0,0.0,0.0,5.0
Rec-027_std_2,17,core,3499,309,331,0.9858,4.0,0.0,0.0,4.0
Rec-027_std_2,17,core,3500,314,331,0.9887,5.0,0.0,0.0,5.0
Rec-027_std_2,17,core,3501,319,331,0.9857,5.0,0.0,0.0,5.0
Rec-027_std_2,17,core,3502,323,331,0.9892,4.0,0.0,0.0,4.0
Rec-027_std_2,17,core,3503,328,331,0.9859,5.0,0.0,0.0,5.0
Rec-027_std_2,17,core,3504,332,331,0.9897,4.0,0.0,0.0,4.0
Rec-027_std_2,17,core,3505,337,331,0.9864,5.0,0.0,0.0,5.0
Rec-027_std_2,17,core,3506,346,331,0.9856,9.0,0.0,0.0,9.0
Rec-027_std_2,17,core,3507,350,331,0.9877,4.0,0.0,0.0,4.0
Rec-027_std_2,17,core,3508,354,331,0.9837,4.0,0.0,0.0,4.0
Rec-027_std_2,17,post,3509,355,330,0.9913,1.0,-1.0,45.0,1.41
Rec-027_std_2,17,post,3510,355,330,0.9928,0.0,0.0,0.0,0.0
Rec-027_std_2,17,post,3511,355,330,0.9943,0.0,0.0,0.0,0.0
Rec-027_std_2,17,post,3512,351,330,0.9885,-4.0,0.0,180.0,4.0
Rec-027_std_2,17,post,3513,351,330,0.987,0.0,0.0,0.0,0.0
Rec-027_std_2,18,pre,3612,300,330,0.9896,,,,
Rec-027_std_2,18,pre,3613,291,330,0.9854,-9.0,0.0,180.0,9.0
Rec-027_std_2,18,pre,3614,290,331,0.9865,-1.0,1.0,-135.0,1.41
Rec-027_std_2,18,pre,3615,290,331,0.9906,0.0,0.0,0.0,0.0
Rec-027_std_2,18,pre,3616,290,331,0.9908,0.0,0.0,0.0,0.0
Rec-027_std_2,18,core,3617,290,331,0.9875,0.0,0.0,0.0,0.0
Rec-027_std_2,18,core,3618,293,331,0.987,3.0,0.0,0.0,3.0
Rec-027_std_2,18,core,3619,297,331,0.9844,4.0,0.0,0.0,4.0
Rec-027_std_2,18,core,3620,302,331,0.9882,5.0,0.0,0.0,5.0
Rec-027_std_2,18,core,3621,306,331,0.9858,4.0,0.0,0.0,4.0
Rec-027_std_2,18,core,3622,311,331,0.9889,5.0,0.0,0.0,5.0
Rec-027_std_2,18,core,3623,315,331,0.9861,4.0,0.0,0.0,4.0
Rec-027_std_2,18,core,3624,320,331,0.9897,5.0,0.0,0.0,5.0
Rec-027_std_2,18,core,3625,324,331,0.9863,4.0,0.0,0.0,4.0
Rec-027_std_2,18,core,3626,329,331,0.9897,5.0,0.0,0.0,5.0
Rec-027_std_2,18,core,3627,334,331,0.9866,5.0,0.0,0.0,5.0
Rec-027_std_2,18,core,3628,338,331,0.9893,4.0,0.0,0.0,4.0
Rec-027_std_2,18,core,3629,343,331,0.9867,5.0,0.0,0.0,5.0
Rec-027_std_2,18,core,3630,347,331,0.9883,4.0,0.0,0.0,4.0
Rec-027_std_2,18,core,3631,352,331,0.9849,5.0,0.0,0.0,5.0
Rec-027_std_2,18,core,3632,355,331,0.9869,3.0,0.0,0.0,3.0
Rec-027_std_2,18,post,3633,355,330,0.9937,0.0,-1.0,90.0,1.0
Rec-027_std_2,18,post,3634,355,330,0.9932,0.0,0.0,0.0,0.0
Rec-027_std_2,18,post,3635,352,330,0.9921,-3.0,0.0,180.0,3.0
Rec-027_std_2,18,post,3636,350,330,0.991,-2.0,0.0,180.0,2.0
Rec-027_std_2,18,post,3637,351,330,0.9896,1.0,0.0,0.0,1.0
Rec-027_std_2,19,pre,3740,294,330,0.9876,,,,
Rec-027_std_2,19,pre,3741,290,330,0.9855,-4.0,0.0,180.0,4.0
Rec-027_std_2,19,pre,3742,290,331,0.9887,0.0,1.0,-90.0,1.0
Rec-027_std_2,19,pre,3743,290,331,0.9909,0.0,0.0,0.0,0.0
Rec-027_std_2,19,pre,3744,290,331,0.9896,0.0,0.0,0.0,0.0
Rec-027_std_2,19,core,3745,291,331,0.9857,1.0,0.0,0.0,1.0
Rec-027_std_2,19,core,3746,295,331,0.9875,4.0,0.0,0.0,4.0
Rec-027_std_2,19,core,3747,300,331,0.9855,5.0,0.0,0.0,5.0
Rec-027_std_2,19,core,3748,304,331,0.9887,4.0,0.0,0.0,4.0
Rec-027_std_2,19,core,3749,309,331,0.9864,5.0,0.0,0.0,5.0
Rec-027_std_2,19,core,3750,313,331,0.9894,4.0,0.0,0.0,4.0
Rec-027_std_2,19,core,3751,318,331,0.9874,5.0,0.0,0.0,5.0
Rec-027_std_2,19,core,3752,327,331,0.9875,9.0,0.0,0.0,9.0
Rec-027_std_2,19,core,3753,340,331,0.9887,13.0,0.0,0.0,13.0
Rec-027_std_2,19,core,3754,345,331,0.9871,5.0,0.0,0.0,5.0
Rec-027_std_2,19,core,3755,349,331,0.9874,4.0,0.0,0.0,4.0
Rec-027_std_2,19,core,3756,354,331,0.9853,5.0,0.0,0.0,5.0
Rec-027_std_2,19,core,3757,355,330,0.9897,1.0,-1.0,45.0,1.41
Rec-027_std_2,19,post,3758,355,330,0.9939,0.0,0.0,0.0,0.0
Rec-027_std_2,19,post,3759,351,330,0.9906,-4.0,0.0,180.0,4.0
Rec-027_std_2,19,post,3760,350,330,0.9888,-1.0,0.0,180.0,1.0
Rec-027_std_2,19,post,3761,350,330,0.9894,0.0,0.0,0.0,0.0
Rec-027_std_2,19,post,3762,350,330,0.9922,0.0,0.0,0.0,0.0
Rec-027_std_2,20,pre,3875,295,330,0.9842,,,,
Rec-027_std_2,20,pre,3876,291,330,0.9853,-4.0,0.0,180.0,4.0
Rec-027_std_2,20,pre,3877,290,331,0.9882,-1.0,1.0,-135.0,1.41
Rec-027_std_2,20,pre,3878,290,331,0.9908,0.0,0.0,0.0,0.0
Rec-027_std_2,20,pre,3879,290,331,0.9895,0.0,0.0,0.0,0.0
Rec-027_std_2,20,core,3880,291,331,0.9849,1.0,0.0,0.0,1.0
Rec-027_std_2,20,core,3881,300,331,0.9845,9.0,0.0,0.0,9.0
Rec-027_std_2,20,core,3882,304,331,0.9882,4.0,0.0,0.0,4.0
Rec-027_std_2,20,core,3883,309,331,0.9853,5.0,0.0,0.0,5.0
Rec-027_std_2,20,core,3884,322,331,0.9896,13.0,0.0,0.0,13.0
Rec-027_std_2,20,core,3885,331,331,0.9899,9.0,0.0,0.0,9.0
Rec-027_std_2,20,core,3886,349,331,0.9877,18.0,0.0,0.0,18.0
Rec-027_std_2,20,core,3887,354,331,0.9843,5.0,0.0,0.0,5.0
Rec-027_std_2,20,post,3888,355,330,0.9895,1.0,-1.0,45.0,1.41
Rec-027_std_2,20,post,3889,355,330,0.9934,0.0,0.0,0.0,0.0
Rec-027_std_2,20,post,3890,355,330,0.9931,0.0,0.0,0.0,0.0
Rec-027_std_2,20,post,3891,351,330,0.9905,-4.0,0.0,180.0,4.0
Rec-027_std_2,20,post,3892,350,330,0.9877,-1.0,0.0,180.0,1.0
Rec-027_std_2,21,pre,3997,300,330,0.9892,,,,
Rec-027_std_2,21,pre,3998,296,330,0.9848,-4.0,0.0,180.0,4.0
Rec-027_std_2,21,pre,3999,290,331,0.9879,-6.0,1.0,-170.54,6.08
Rec-027_std_2,21,pre,4000,290,331,0.9908,0.0,0.0,0.0,0.0
Rec-027_std_2,21,pre,4001,290,331,0.99,0.0,0.0,0.0,0.0
Rec-027_std_2,21,core,4002,290,331,0.9861,0.0,0.0,0.0,0.0
Rec-027_std_2,21,core,4003,294,331,0.9862,4.0,0.0,0.0,4.0
Rec-027_std_2,21,core,4004,299,331,0.9876,5.0,0.0,0.0,5.0
Rec-027_std_2,21,core,4005,303,331,0.9879,4.0,0.0,0.0,4.0
Rec-027_std_2,21,core,4006,308,331,0.9885,5.0,0.0,0.0,5.0
Rec-027_std_2,21,core,4007,312,331,0.9889,4.0,0.0,0.0,4.0
Rec-027_std_2,21,core,4008,317,331,0.9891,5.0,0.0,0.0,5.0
Rec-027_std_2,21,core,4009,321,331,0.9887,4.0,0.0,0.0,4.0
Rec-027_std_2,21,core,4010,326,331,0.9894,5.0,0.0,0.0,5.0
Rec-027_std_2,21,core,4011,330,331,0.9875,4.0,0.0,0.0,4.0
Rec-027_std_2,21,core,4012,335,331,0.9895,5.0,0.0,0.0,5.0
Rec-027_std_2,21,core,4013,339,331,0.9872,4.0,0.0,0.0,4.0
Rec-027_std_2,21,core,4014,344,331,0.9888,5.0,0.0,0.0,5.0
Rec-027_std_2,21,core,4015,348,331,0.9854,4.0,0.0,0.0,4.0
Rec-027_std_2,21,core,4016,353,331,0.9871,5.0,0.0,0.0,5.0
Rec-027_std_2,21,core,4017,355,330,0.9865,2.0,-1.0,26.57,2.24
Rec-027_std_2,21,post,4018,355,330,0.9935,0.0,0.0,0.0,0.0
Rec-027_std_2,21,post,4019,355,330,0.9926,0.0,0.0,0.0,0.0
Rec-027_std_2,21,post,4020,351,330,0.9921,-4.0,0.0,180.0,4.0
Rec-027_std_2,21,post,4021,350,330,0.9875,-1.0,0.0,180.0,1.0
Rec-027_std_2,21,post,4022,351,330,0.9886,1.0,0.0,0.0,1.0
Rec-027_std_2,22,pre,4127,320,330,0.9937,,,,
Rec-027_std_2,22,pre,4128,311,330,0.9919,-9.0,0.0,180.0,9.0
Rec-027_std_2,22,pre,4129,302,330,0.9891,-9.0,0.0,180.0,9.0
Rec-027_std_2,22,pre,4130,298,330,0.9869,-4.0,0.0,180.0,4.0
Rec-027_std_2,22,pre,4131,293,330,0.9853,-5.0,0.0,180.0,5.0
Rec-027_std_2,22,core,4132,301,331,0.9858,8.0,1.0,-7.13,8.06
Rec-027_std_2,22,core,4133,306,331,0.9886,5.0,0.0,0.0,5.0
Rec-027_std_2,22,core,4134,310,331,0.9861,4.0,0.0,0.0,4.0
Rec-027_std_2,22,core,4135,315,331,0.9897,5.0,0.0,0.0,5.0
Rec-027_std_2,22,core,4136,320,331,0.9869,5.0,0.0,0.0,5.0
Rec-027_std_2,22,core,4137,324,331,0.9899,4.0,0.0,0.0,4.0
Rec-027_std_2,22,core,4138,329,331,0.987,5.0,0.0,0.0,5.0
Rec-027_std_2,22,core,4139,338,331,0.9872,9.0,0.0,0.0,9.0
Rec-027_std_2,22,core,4140,342,331,0.9892,4.0,0.0,0.0,4.0
Rec-027_std_2,22,core,4141,347,331,0.986,5.0,0.0,0.0,5.0
Rec-027_std_2,22,core,4142,351,331,0.9878,4.0,0.0,0.0,4.0
Rec-027_std_2,22,core,4143,355,330,0.9933,4.0,-1.0,14.04,4.12
Rec-027_std_2,22,post,4144,355,330,0.993,0.0,0.0,0.0,0.0
Rec-027_std_2,22,post,4145,341,331,0.99,-14.0,1.0,-175.91,14.04
Rec-027_std_2,22,post,4146,341,330,0.9904,0.0,-1.0,90.0,1.0
Rec-027_std_2,22,post,4147,340,330,0.9928,-1.0,0.0,180.0,1.0
Rec-027_std_2,22,post,4148,344,330,0.9923,4.0,0.0,0.0,4.0
Rec-027_std_2,23,pre,4251,297,330,0.9848,,,,
Rec-027_std_2,23,pre,4252,293,330,0.9857,-4.0,0.0,180.0,4.0
Rec-027_std_2,23,pre,4253,290,330,0.9851,-3.0,0.0,180.0,3.0
Rec-027_std_2,23,pre,4254,290,331,0.9902,0.0,1.0,-90.0,1.0
Rec-027_std_2,23,pre,4255,290,331,0.9906,0.0,0.0,0.0,0.0
Rec-027_std_2,23,core,4256,290,331,0.9874,0.0,0.0,0.0,0.0
Rec-027_std_2,23,core,4257,293,331,0.9867,3.0,0.0,0.0,3.0
Rec-027_std_2,23,core,4258,298,331,0.9851,5.0,0.0,0.0,5.0
Rec-027_std_2,23,core,4259,302,331,0.9883,4.0,0.0,0.0,4.0
Rec-027_std_2,23,core,4260,307,331,0.9857,5.0,0.0,0.0,5.0
Rec-027_std_2,23,core,4261,311,331,0.9891,4.0,0.0,0.0,4.0
Rec-027_std_2,23,core,4262,316,331,0.9864,5.0,0.0,0.0,5.0
Rec-027_std_2,23,core,4263,320,331,0.9893,4.0,0.0,0.0,4.0
Rec-027_std_2,23,core,4264,325,331,0.9871,5.0,0.0,0.0,5.0
Rec-027_std_2,23,core,4265,329,331,0.9893,4.0,0.0,0.0,4.0
Rec-027_std_2,23,core,4266,334,331,0.988,5.0,0.0,0.0,5.0
Rec-027_std_2,23,core,4267,338,331,0.9891,4.0,0.0,0.0,4.0
Rec-027_std_2,23,core,4268,343,331,0.9879,5.0,0.0,0.0,5.0
Rec-027_std_2,23,core,4269,347,331,0.9878,4.0,0.0,0.0,4.0
Rec-027_std_2,23,core,4270,352,331,0.9861,5.0,0.0,0.0,5.0
Rec-027_std_2,23,core,4271,355,331,0.9866,3.0,0.0,0.0,3.0
Rec-027_std_2,23,post,4272,355,330,0.9931,0.0,-1.0,90.0,1.0
Rec-027_std_2,23,post,4273,355,330,0.9927,0.0,0.0,0.0,0.0
Rec-027_std_2,23,post,4274,340,331,0.9893,-15.0,1.0,-176.19,15.03
Rec-027_std_2,23,post,4275,340,331,0.9888,0.0,0.0,0.0,0.0
Rec-027_std_2,23,post,4276,340,330,0.9893,0.0,-1.0,90.0,1.0
Rec-027_std_2,24,pre,4379,297,330,0.9865,,,,
Rec-027_std_2,24,pre,4380,292,331,0.9838,-5.0,1.0,-168.69,5.1
Rec-027_std_2,24,pre,4381,290,331,0.9866,-2.0,0.0,180.0,2.0
Rec-027_std_2,24,pre,4382,290,331,0.9908,0.0,0.0,0.0,0.0
Rec-027_std_2,24,pre,4383,290,331,0.9904,0.0,0.0,0.0,0.0
Rec-027_std_2,24,core,4384,290,331,0.9872,0.0,0.0,0.0,0.0
Rec-027_std_2,24,core,4385,294,331,0.9874,4.0,0.0,0.0,4.0
Rec-027_std_2,24,core,4386,299,331,0.9859,5.0,0.0,0.0,5.0
Rec-027_std_2,24,core,4387,303,331,0.9889,4.0,0.0,0.0,4.0
Rec-027_std_2,24,core,4388,308,331,0.9861,5.0,0.0,0.0,5.0
Rec-027_std_2,24,core,4389,312,331,0.9898,4.0,0.0,0.0,4.0
Rec-027_std_2,24,core,4390,317,331,0.9871,5.0,0.0,0.0,5.0
Rec-027_std_2,24,core,4391,321,331,0.99,4.0,0.0,0.0,4.0
Rec-027_std_2,24,core,4392,326,331,0.9879,5.0,0.0,0.0,5.0
Rec-027_std_2,24,core,4393,330,331,0.99,4.0,0.0,0.0,4.0
Rec-027_std_2,24,core,4394,339,331,0.9896,9.0,0.0,0.0,9.0
Rec-027_std_2,24,core,4395,344,331,0.9876,5.0,0.0,0.0,5.0
Rec-027_std_2,24,core,4396,353,331,0.9859,9.0,0.0,0.0,9.0
Rec-027_std_2,24,core,4397,355,330,0.9862,2.0,-1.0,26.57,2.24
Rec-027_std_2,24,post,4398,355,330,0.9937,0.0,0.0,0.0,0.0
Rec-027_std_2,24,post,4399,355,330,0.9928,0.0,0.0,0.0,0.0
Rec-027_std_2,24,post,4400,306,331,0.9507,-49.0,1.0,-178.83,49.01
Rec-027_std_2,24,post,4401,295,331,0.9905,-11.0,0.0,180.0,11.0
Rec-027_std_2,24,post,4402,296,331,0.9909,1.0,0.0,0.0,1.0
Rec-027_std_2,25,pre,4501,308,330,0.987,,,,
Rec-027_std_2,25,pre,4502,295,330,0.9856,-13.0,0.0,180.0,13.0
Rec-027_std_2,25,pre,4503,291,331,0.9857,-4.0,1.0,-165.96,4.12
Rec-027_std_2,25,pre,4504,290,331,0.9886,-1.0,0.0,180.0,1.0
Rec-027_std_2,25,pre,4505,290,331,0.9886,0.0,0.0,0.0,0.0
Rec-027_std_2,25,core,4506,292,331,0.9847,2.0,0.0,0.0,2.0
Rec-027_std_2,25,core,4507,301,331,0.9858,9.0,0.0,0.0,9.0
Rec-027_std_2,25,core,4508,305,331,0.9885,4.0,0.0,0.0,4.0
Rec-027_std_2,25,core,4509,310,331,0.9869,5.0,0.0,0.0,5.0
Rec-027_std_2,25,core,4510,314,331,0.9891,4.0,0.0,0.0,4.0
Rec-027_std_2,25,core,4511,319,331,0.988,5.0,0.0,0.0,5.0
Rec-027_std_2,25,core,4512,323,331,0.9893,4.0,0.0,0.0,4.0
Rec-027_std_2,25,core,4513,328,331,0.9883,5.0,0.0,0.0,5.0
Rec-027_std_2,25,core,4514,332,331,0.989,4.0,0.0,0.0,4.0
Rec-027_std_2,25,core,4515,337,331,0.9885,5.0,0.0,0.0,5.0
Rec-027_std_2,25,core,4516,341,331,0.9884,4.0,0.0,0.0,4.0
Rec-027_std_2,25,core,4517,346,331,0.9878,5.0,0.0,0.0,5.0
Rec-027_std_2,25,core,4518,350,331,0.9867,4.0,0.0,0.0,4.0
Rec-027_std_2,25,core,4519,355,331,0.985,5.0,0.0,0.0,5.0
Rec-027_std_2,25,post,4520,355,330,0.9923,0.0,-1.0,90.0,1.0
Rec-027_std_2,25,post,4521,355,330,0.9929,0.0,0.0,0.0,0.0
Rec-027_std_2,25,post,4522,355,330,0.9917,0.0,0.0,0.0,0.0
Rec-027_std_2,25,post,4523,347,330,0.9902,-8.0,0.0,180.0,8.0
Rec-027_std_2,25,post,4524,347,330,0.9891,0.0,0.0,0.0,0.0
Rec-027_std_2,26,pre,4621,310,330,0.9903,,,,
Rec-027_std_2,26,pre,4622,301,330,0.9869,-9.0,0.0,180.0,9.0
Rec-027_std_2,26,pre,4623,292,331,0.9855,-9.0,1.0,-173.66,9.06
Rec-027_std_2,26,pre,4624,290,331,0.9867,-2.0,0.0,180.0,2.0
Rec-027_std_2,26,pre,4625,290,331,0.9903,0.0,0.0,0.0,0.0
Rec-027_std_2,26,core,4626,290,331,0.9894,0.0,0.0,0.0,0.0
Rec-027_std_2,26,core,4627,295,331,0.9863,5.0,0.0,0.0,5.0
Rec-027_std_2,26,core,4628,299,331,0.9869,4.0,0.0,0.0,4.0
Rec-027_std_2,26,core,4629,326,331,0.9881,27.0,0.0,0.0,27.0
Rec-027_std_2,26,core,4630,331,331,0.9895,5.0,0.0,0.0,5.0
Rec-027_std_2,26,core,4631,335,331,0.9877,4.0,0.0,0.0,4.0
Rec-027_std_2,26,core,4632,340,331,0.9893,5.0,0.0,0.0,5.0
Rec-027_std_2,26,core,4633,344,331,0.9867,4.0,0.0,0.0,4.0
Rec-027_std_2,26,core,4634,349,331,0.9881,5.0,0.0,0.0,5.0
Rec-027_std_2,26,core,4635,353,331,0.9851,4.0,0.0,0.0,4.0
Rec-027_std_2,26,post,4636,355,330,0.9883,2.0,-1.0,26.57,2.24
Rec-027_std_2,26,post,4637,355,330,0.9931,0.0,0.0,0.0,0.0
Rec-027_std_2,26,post,4638,355,330,0.9924,0.0,0.0,0.0,0.0
Rec-027_std_2,26,post,4639,343,330,0.9781,-12.0,0.0,180.0,12.0
Rec-027_std_2,26,post,4640,339,330,0.9906,-4.0,0.0,180.0,4.0
Rec-027_std_2,27,pre,4737,299,330,0.9834,,,,
Rec-027_std_2,27,pre,4738,294,331,0.9857,-5.0,1.0,-168.69,5.1
Rec-027_std_2,27,pre,4739,290,331,0.9839,-4.0,0.0,180.0,4.0
Rec-027_std_2,27,pre,4740,290,331,0.9897,0.0,0.0,0.0,0.0
Rec-027_std_2,27,pre,4741,290,331,0.9902,0.0,0.0,0.0,0.0
Rec-027_std_2,27,core,4742,290,331,0.9873,0.0,0.0,0.0,0.0
Rec-027_std_2,27,core,4743,293,331,0.9861,3.0,0.0,0.0,3.0
Rec-027_std_2,27,core,4744,298,331,0.9864,5.0,0.0,0.0,5.0
Rec-027_std_2,27,core,4745,302,331,0.9876,4.0,0.0,0.0,4.0
Rec-027_std_2,27,core,4746,311,331,0.9885,9.0,0.0,0.0,9.0
Rec-027_std_2,27,core,4747,320,331,0.9886,9.0,0.0,0.0,9.0
Rec-027_std_2,27,core,4748,334,331,0.9888,14.0,0.0,0.0,14.0
Rec-027_std_2,27,core,4749,343,331,0.9887,9.0,0.0,0.0,9.0
Rec-027_std_2,27,core,4750,352,331,0.987,9.0,0.0,0.0,9.0
Rec-027_std_2,27,core,4751,355,331,0.9861,3.0,0.0,0.0,3.0
Rec-027_std_2,27,post,4752,355,330,0.9926,0.0,-1.0,90.0,1.0
Rec-027_std_2,27,post,4753,352,330,0.9916,-3.0,0.0,180.0,3.0
Rec-027_std_2,27,post,4754,350,330,0.9906,-2.0,0.0,180.0,2.0
Rec-027_std_2,27,post,4755,351,330,0.9896,1.0,0.0,0.0,1.0
Rec-027_std_2,27,post,4756,349,330,0.9924,-2.0,0.0,180.0,2.0
Rec-027_std_2,28,pre,4850,301,330,0.9862,,,,
Rec-027_std_2,28,pre,4851,297,331,0.9848,-4.0,1.0,-165.96,4.12
Rec-027_std_2,28,pre,4852,292,331,0.9853,-5.0,0.0,180.0,5.0
Rec-027_std_2,28,pre,4853,290,331,0.9905,-2.0,0.0,180.0,2.0
Rec-027_std_2,28,pre,4854,290,331,0.9892,0.0,0.0,0.0,0.0
Rec-027_std_2,28,core,4855,291,331,0.9864,1.0,0.0,0.0,1.0
Rec-027_std_2,28,core,4856,295,331,0.9868,4.0,0.0,0.0,4.0
Rec-027_std_2,28,core,4857,300,331,0.9876,5.0,0.0,0.0,5.0
Rec-027_std_2,28,core,4858,304,331,0.9876,4.0,0.0,0.0,4.0
Rec-027_std_2,28,core,4859,309,331,0.9886,5.0,0.0,0.0,5.0
Rec-027_std_2,28,core,4860,313,331,0.9885,4.0,0.0,0.0,4.0
Rec-027_std_2,28,core,4861,318,331,0.9891,5.0,0.0,0.0,5.0
Rec-027_std_2,28,core,4862,322,331,0.9881,4.0,0.0,0.0,4.0
Rec-027_std_2,28,core,4863,327,331,0.9893,5.0,0.0,0.0,5.0
Rec-027_std_2,28,core,4864,331,331,0.9874,4.0,0.0,0.0,4.0
Rec-027_std_2,28,core,4865,336,331,0.9894,5.0,0.0,0.0,5.0
Rec-027_std_2,28,core,4866,340,331,0.9866,4.0,0.0,0.0,4.0
Rec-027_std_2,28,core,4867,349,331,0.9852,9.0,0.0,0.0,9.0
Rec-027_std_2,28,core,4868,354,331,0.9866,5.0,0.0,0.0,5.0
Rec-027_std_2,28,post,4869,355,330,0.9903,1.0,-1.0,45.0,1.41
Rec-027_std_2,28,post,4870,355,330,0.993,0.0,0.0,0.0,0.0
Rec-027_std_2,28,post,4871,348,330,0.9913,-7.0,0.0,180.0,7.0
Rec-027_std_2,28,post,4872,348,330,0.9928,0.0,0.0,0.0,0.0
Rec-027_std_2,28,post,4873,350,330,0.9932,2.0,0.0,0.0,2.0
Rec-027_std_2,29,pre,4964,302,330,0.9837,,,,
Rec-027_std_2,29,pre,4965,298,331,0.9855,-4.0,1.0,-165.96,4.12
Rec-027_std_2,29,pre,4966,294,331,0.9827,-4.0,0.0,180.0,4.0
Rec-027_std_2,29,pre,4967,290,331,0.9852,-4.0,0.0,180.0,4.0
Rec-027_std_2,29,pre,4968,290,331,0.9896,0.0,0.0,0.0,0.0
Rec-027_std_2,29,core,4969,290,331,0.9892,0.0,0.0,0.0,0.0
Rec-027_std_2,29,core,4970,294,331,0.9853,4.0,0.0,0.0,4.0
Rec-027_std_2,29,core,4971,303,331,0.9869,9.0,0.0,0.0,9.0
Rec-027_std_2,29,core,4972,308,331,0.9874,5.0,0.0,0.0,5.0
Rec-027_std_2,29,core,4973,312,331,0.9877,4.0,0.0,0.0,4.0
Rec-027_std_2,29,core,4974,317,331,0.9886,5.0,0.0,0.0,5.0
Rec-027_std_2,29,core,4975,321,331,0.9875,4.0,0.0,0.0,4.0
Rec-027_std_2,29,core,4976,326,331,0.9886,5.0,0.0,0.0,5.0
Rec-027_std_2,29,core,4977,330,331,0.9869,4.0,0.0,0.0,4.0
Rec-027_std_2,29,core,4978,335,331,0.9886,5.0,0.0,0.0,5.0
Rec-027_std_2,29,core,4979,339,331,0.9861,4.0,0.0,0.0,4.0
Rec-027_std_2,29,core,4980,344,331,0.9883,5.0,0.0,0.0,5.0
Rec-027_std_2,29,core,4981,348,331,0.9853,4.0,0.0,0.0,4.0
Rec-027_std_2,29,core,4982,353,331,0.9867,5.0,0.0,0.0,5.0
Rec-027_std_2,29,core,4983,355,330,0.9863,2.0,-1.0,26.57,2.24
Rec-027_std_2,29,post,4984,355,330,0.9929,0.0,0.0,0.0,0.0
Rec-027_std_2,29,post,4985,355,330,0.9919,0.0,0.0,0.0,0.0
Rec-027_std_2,29,post,4986,350,330,0.9909,-5.0,0.0,180.0,5.0
Rec-027_std_2,29,post,4987,350,330,0.9932,0.0,0.0,0.0,0.0
Rec-027_std_2,29,post,4988,350,330,0.9932,0.0,0.0,0.0,0.0
Rec-G3_std_1,1,pre,241,300,317,0.9775,,,,
Rec-G3_std_1,1,pre,242,295,317,0.9804,-5.0,0.0,180.0,5.0
Rec-G3_std_1,1,pre,243,292,317,0.9818,-3.0,0.0,180.0,3.0
Rec-G3_std_1,1,pre,244,292,317,0.9825,0.0,0.0,0.0,0.0
Rec-G3_std_1,1,pre,245,292,317,0.9779,0.0,0.0,0.0,0.0
Rec-G3_std_1,1,core,246,291,318,0.9769,-1.0,1.0,-135.0,1.41
Rec-G3_std_1,1,core,247,294,318,0.9777,3.0,0.0,0.0,3.0
Rec-G3_std_1,1,core,248,299,317,0.9725,5.0,-1.0,11.31,5.1
Rec-G3_std_1,1,core,249,303,317,0.975,4.0,0.0,0.0,4.0
Rec-G3_std_1,1,core,250,308,317,0.9752,5.0,0.0,0.0,5.0
Rec-G3_std_1,1,core,251,313,317,0.9736,5.0,0.0,0.0,5.0
Rec-G3_std_1,1,core,252,318,317,0.9707,5.0,0.0,0.0,5.0
Rec-G3_std_1,1,core,253,327,317,0.97,9.0,0.0,0.0,9.0
Rec-G3_std_1,1,core,254,332,317,0.9689,5.0,0.0,0.0,5.0
Rec-G3_std_1,1,core,255,337,317,0.9672,5.0,0.0,0.0,5.0
Rec-G3_std_1,1,core,256,342,316,0.9677,5.0,-1.0,11.31,5.1
Rec-G3_std_1,1,core,257,347,316,0.9678,5.0,0.0,0.0,5.0
Rec-G3_std_1,1,core,258,351,316,0.9705,4.0,0.0,0.0,4.0
Rec-G3_std_1,1,core,259,356,316,0.9727,5.0,0.0,0.0,5.0
Rec-G3_std_1,1,core,260,360,316,0.9733,4.0,0.0,0.0,4.0
Rec-G3_std_1,1,post,261,361,316,0.981,1.0,0.0,0.0,1.0
Rec-G3_std_1,1,post,262,361,316,0.9885,0.0,0.0,0.0,0.0
Rec-G3_std_1,1,post,263,359,316,0.9886,-2.0,0.0,180.0,2.0
Rec-G3_std_1,1,post,264,346,316,0.9914,-13.0,0.0,180.0,13.0
Rec-G3_std_1,1,post,265,346,316,0.985,0.0,0.0,0.0,0.0
Rec-G3_std_1,2,pre,401,295,317,0.9785,,,,
Rec-G3_std_1,2,pre,402,292,317,0.9813,-3.0,0.0,180.0,3.0
Rec-G3_std_1,2,pre,403,292,317,0.9836,0.0,0.0,0.0,0.0
Rec-G3_std_1,2,pre,404,292,317,0.9824,0.0,0.0,0.0,0.0
Rec-G3_std_1,2,pre,405,291,318,0.9769,-1.0,1.0,-135.0,1.41
Rec-G3_std_1,2,core,406,294,318,0.9766,3.0,0.0,0.0,3.0
Rec-G3_std_1,2,core,407,298,317,0.9738,4.0,-1.0,14.04,4.12
Rec-G3_std_1,2,core,408,303,317,0.9755,5.0,0.0,0.0,5.0
Rec-G3_std_1,2,core,409,308,317,0.9748,5.0,0.0,0.0,5.0
Rec-G3_std_1,2,core,410,313,317,0.9725,5.0,0.0,0.0,5.0
Rec-G3_std_1,2,core,411,317,317,0.9705,4.0,0.0,0.0,4.0
Rec-G3_std_1,2,core,412,322,317,0.9705,5.0,0.0,0.0,5.0
Rec-G3_std_1,2,core,413,327,317,0.9705,5.0,0.0,0.0,5.0
Rec-G3_std_1,2,core,414,332,317,0.9686,5.0,0.0,0.0,5.0
Rec-G3_std_1,2,core,415,337,317,0.9666,5.0,0.0,0.0,5.0
Rec-G3_std_1,2,core,416,342,316,0.9665,5.0,-1.0,11.31,5.1
Rec-G3_std_1,2,core,417,346,316,0.9686,4.0,0.0,0.0,4.0
Rec-G3_std_1,2,core,418,351,316,0.9717,5.0,0.0,0.0,5.0
Rec-G3_std_1,2,core,419,356,316,0.9729,5.0,0.0,0.0,5.0
Rec-G3_std_1,2,core,420,360,316,0.9744,4.0,0.0,0.0,4.0
Rec-G3_std_1,2,post,421,361,316,0.9817,1.0,0.0,0.0,1.0
Rec-G3_std_1,2,post,422,361,316,0.9888,0.0,0.0,0.0,0.0
Rec-G3_std_1,2,post,423,359,316,0.9908,-2.0,0.0,180.0,2.0
Rec-G3_std_1,2,post,424,339,317,0.981,-20.0,1.0,-177.14,20.02
Rec-G3_std_1,2,post,425,337,317,0.9837,-2.0,0.0,180.0,2.0
Rec-G3_std_1,3,pre,566,294,317,0.9808,,,,
Rec-G3_std_1,3,pre,567,292,317,0.9829,-2.0,0.0,180.0,2.0
Rec-G3_std_1,3,pre,568,292,317,0.9837,0.0,0.0,0.0,0.0
Rec-G3_std_1,3,pre,569,292,317,0.9812,0.0,0.0,0.0,0.0
Rec-G3_std_1,3,pre,570,291,317,0.9773,-1.0,0.0,180.0,1.0
Rec-G3_std_1,3,core,571,291,318,0.9773,0.0,1.0,-90.0,1.0
Rec-G3_std_1,3,core,572,295,318,0.9767,4.0,0.0,0.0,4.0
Rec-G3_std_1,3,core,573,300,317,0.9751,5.0,-1.0,11.31,5.1
Rec-G3_std_1,3,core,574,305,317,0.9753,5.0,0.0,0.0,5.0
Rec-G3_std_1,3,core,575,310,317,0.9739,5.0,0.0,0.0,5.0
Rec-G3_std_1,3,core,576,314,317,0.9716,4.0,0.0,0.0,4.0
Rec-G3_std_1,3,core,577,319,317,0.9718,5.0,0.0,0.0,5.0
Rec-G3_std_1,3,core,578,324,317,0.9716,5.0,0.0,0.0,5.0
Rec-G3_std_1,3,core,579,329,317,0.9706,5.0,0.0,0.0,5.0
Rec-G3_std_1,3,core,580,334,317,0.9689,5.0,0.0,0.0,5.0
Rec-G3_std_1,3,core,581,339,316,0.9662,5.0,-1.0,11.31,5.1
Rec-G3_std_1,3,core,582,343,316,0.9674,4.0,0.0,0.0,4.0
Rec-G3_std_1,3,core,583,348,316,0.9708,5.0,0.0,0.0,5.0
Rec-G3_std_1,3,core,584,353,316,0.9728,5.0,0.0,0.0,5.0
Rec-G3_std_1,3,core,585,358,316,0.9735,5.0,0.0,0.0,5.0
Rec-G3_std_1,3,core,586,361,316,0.9787,3.0,0.0,0.0,3.0
Rec-G3_std_1,3,post,587,361,316,0.9834,0.0,0.0,0.0,0.0
Rec-G3_std_1,3,post,588,361,316,0.9912,0.0,0.0,0.0,0.0
Rec-G3_std_1,3,post,589,355,316,0.9872,-6.0,0.0,180.0,6.0
Rec-G3_std_1,3,post,590,353,316,0.9893,-2.0,0.0,180.0,2.0
Rec-G3_std_1,3,post,591,353,316,0.9858,0.0,0.0,0.0,0.0
Rec-G3_std_1,4,pre,724,312,316,0.9801,,,,
Rec-G3_std_1,4,pre,725,302,317,0.9786,-10.0,1.0,-174.29,10.05
Rec-G3_std_1,4,pre,726,298,317,0.9808,-4.0,0.0,180.0,4.0
Rec-G3_std_1,4,pre,727,293,317,0.9812,-5.0,0.0,180.0,5.0
Rec-G3_std_1,4,pre,728,292,317,0.9837,-1.0,0.0,180.0,1.0
Rec-G3_std_1,4,core,729,291,317,0.9764,-1.0,0.0,180.0,1.0
Rec-G3_std_1,4,core,730,302,317,0.976,11.0,0.0,0.0,11.0
Rec-G3_std_1,4,core,731,306,317,0.973,4.0,0.0,0.0,4.0
Rec-G3_std_1,4,core,732,311,317,0.9736,5.0,0.0,0.0,5.0
Rec-G3_std_1,4,core,733,316,317,0.9739,5.0,0.0,0.0,5.0
Rec-G3_std_1,4,core,734,321,317,0.9725,5.0,0.0,0.0,5.0
Rec-G3_std_1,4,core,735,326,317,0.9708,5.0,0.0,0.0,5.0
Rec-G3_std_1,4,core,736,331,317,0.9676,5.0,0.0,0.0,5.0
Rec-G3_std_1,4,core,737,335,317,0.9675,4.0,0.0,0.0,4.0
Rec-G3_std_1,4,core,738,340,316,0.968,5.0,-1.0,11.31,5.1
Rec-G3_std_1,4,core,739,345,316,0.9702,5.0,0.0,0.0,5.0
Rec-G3_std_1,4,core,740,350,316,0.9712,5.0,0.0,0.0,5.0
Rec-G3_std_1,4,core,741,359,316,0.9725,9.0,0.0,0.0,9.0
Rec-G3_std_1,4,core,742,361,316,0.9814,2.0,0.0,0.0,2.0
Rec-G3_std_1,4,post,743,361,316,0.9856,0.0,0.0,0.0,0.0
Rec-G3_std_1,4,post,744,361,316,0.9912,0.0,0.0,0.0,0.0
Rec-G3_std_1,4,post,745,356,316,0.9912,-5.0,0.0,180.0,5.0
Rec-G3_std_1,4,post,746,356,316,0.9856,0.0,0.0,0.0,0.0
Rec-G3_std_1,4,post,747,356,316,0.9852,0.0,0.0,0.0,0.0
Rec-G3_std_1,5,pre,889,295,317,0.9815,,,,
Rec-G3_std_1,5,pre,890,292,317,0.9845,-3.0,0.0,180.0,3.0
Rec-G3_std_1,5,pre,891,292,317,0.9845,0.0,0.0,0.0,0.0
Rec-G3_std_1,5,pre,892,292,317,0.9823,0.0,0.0,0.0,0.0
Rec-G3_std_1,5,pre,893,291,317,0.9786,-1.0,0.0,180.0,1.0
Rec-G3_std_1,5,core,894,291,318,0.9781,0.0,1.0,-90.0,1.0
Rec-G3_std_1,5,core,895,295,318,0.9786,4.0,0.0,0.0,4.0
Rec-G3_std_1,5,core,896,300,317,0.9765,5.0,-1.0,11.31,5.1
Rec-G3_std_1,5,core,897,305,317,0.9755,5.0,0.0,0.0,5.0
Rec-G3_std_1,5,core,898,305,317,0.9755,0.0,0.0,0.0,0.0
Rec-G3_std_1,5,core,899,310,317,0.9739,5.0,0.0,0.0,5.0
Rec-G3_std_1,5,core,900,319,317,0.9738,9.0,0.0,0.0,9.0
Rec-G3_std_1,5,core,901,324,317,0.9729,5.0,0.0,0.0,5.0
Rec-G3_std_1,5,core,902,334,317,0.9679,10.0,0.0,0.0,10.0
Rec-G3_std_1,5,core,903,338,317,0.968,4.0,0.0,0.0,4.0
Rec-G3_std_1,5,core,904,343,316,0.9696,5.0,-1.0,11.31,5.1
Rec-G3_std_1,5,core,905,348,316,0.9718,5.0,0.0,0.0,5.0
Rec-G3_std_1,5,core,906,353,316,0.9728,5.0,0.0,0.0,5.0
Rec-G3_std_1,5,core,907,358,316,0.9728,5.0,0.0,0.0,5.0
Rec-G3_std_1,5,core,908,361,316,0.9788,3.0,0.0,0.0,3.0
Rec-G3_std_1,5,post,909,361,316,0.9837,0.0,0.0,0.0,0.0
Rec-G3_std_1,5,post,910,361,316,0.9914,0.0,0.0,0.0,0.0
Rec-G3_std_1,5,post,911,354,316,0.9812,-7.0,0.0,180.0,7.0
Rec-G3_std_1,5,post,912,349,316,0.9924,-5.0,0.0,180.0,5.0
Rec-G3_std_1,5,post,913,349,316,0.9865,0.0,0.0,0.0,0.0
Rec-G3_std_1,6,pre,1049,297,317,0.9818,,,,
Rec-G3_std_1,6,pre,1050,293,317,0.9817,-4.0,0.0,180.0,4.0
Rec-G3_std_1,6,pre,1051,292,317,0.9843,-1.0,0.0,180.0,1.0
Rec-G3_std_1,6,pre,1052,292,317,0.9833,0.0,0.0,0.0,0.0
Rec-G3_std_1,6,pre,1053,291,317,0.9796,-1.0,0.0,180.0,1.0
Rec-G3_std_1,6,core,1054,291,318,0.9771,0.0,1.0,-90.0,1.0
Rec-G3_std_1,6,core,1055,294,318,0.9781,3.0,0.0,0.0,3.0
Rec-G3_std_1,6,core,1056,298,317,0.9744,4.0,-1.0,14.04,4.12
Rec-G3_std_1,6,core,1057,303,317,0.9765,5.0,0.0,0.0,5.0
Rec-G3_std_1,6,core,1058,308,317,0.9762,5.0,0.0,0.0,5.0
Rec-G3_std_1,6,core,1059,313,317,0.9747,5.0,0.0,0.0,5.0
Rec-G3_std_1,6,core,1060,317,317,0.9718,4.0,0.0,0.0,4.0
Rec-G3_std_1,6,core,1061,327,317,0.9722,10.0,0.0,0.0,10.0
Rec-G3_std_1,6,core,1062,332,317,0.9708,5.0,0.0,0.0,5.0
Rec-G3_std_1,6,core,1063,337,317,0.9684,5.0,0.0,0.0,5.0
Rec-G3_std_1,6,core,1064,342,316,0.9685,5.0,-1.0,11.31,5.1
Rec-G3_std_1,6,core,1065,346,316,0.9698,4.0,0.0,0.0,4.0
Rec-G3_std_1,6,core,1066,351,316,0.9727,5.0,0.0,0.0,5.0
Rec-G3_std_1,6,core,1067,356,316,0.9746,5.0,0.0,0.0,5.0
Rec-G3_std_1,6,core,1068,360,316,0.9759,4.0,0.0,0.0,4.0
Rec-G3_std_1,6,post,1069,361,316,0.9834,1.0,0.0,0.0,1.0
Rec-G3_std_1,6,post,1070,361,316,0.9897,0.0,0.0,0.0,0.0
Rec-G3_std_1,6,post,1071,359,316,0.992,-2.0,0.0,180.0,2.0
Rec-G3_std_1,6,post,1072,356,316,0.9901,-3.0,0.0,180.0,3.0
Rec-G3_std_1,6,post,1073,356,316,0.9863,0.0,0.0,0.0,0.0
Rec-G3_std_1,7,pre,1204,300,317,0.9818,,,,
Rec-G3_std_1,7,pre,1205,295,317,0.9799,-5.0,0.0,180.0,5.0
Rec-G3_std_1,7,pre,1206,292,317,0.9831,-3.0,0.0,180.0,3.0
Rec-G3_std_1,7,pre,1207,292,317,0.9837,0.0,0.0,0.0,0.0
Rec-G3_std_1,7,pre,1208,291,317,0.9779,-1.0,0.0,180.0,1.0
Rec-G3_std_1,7,core,1209,292,318,0.978,1.0,1.0,-45.0,1.41
Rec-G3_std_1,7,core,1210,296,318,0.9768,4.0,0.0,0.0,4.0
Rec-G3_std_1,7,core,1211,301,317,0.9755,5.0,-1.0,11.31,5.1
Rec-G3_std_1,7,core,1212,305,317,0.9745,4.0,0.0,0.0,4.0
Rec-G3_std_1,7,core,1213,320,317,0.9735,15.0,0.0,0.0,15.0
Rec-G3_std_1,7,core,1214,325,317,0.9707,5.0,0.0,0.0,5.0
Rec-G3_std_1,7,core,1215,329,317,0.9691,4.0,0.0,0.0,4.0
Rec-G3_std_1,7,core,1216,334,317,0.9693,5.0,0.0,0.0,5.0
Rec-G3_std_1,7,core,1217,339,316,0.9693,5.0,-1.0,11.31,5.1
Rec-G3_std_1,7,core,1218,344,316,0.9712,5.0,0.0,0.0,5.0
Rec-G3_std_1,7,core,1219,349,316,0.9721,5.0,0.0,0.0,5.0
Rec-G3_std_1,7,core,1220,354,316,0.9716,5.0,0.0,0.0,5.0
Rec-G3_std_1,7,core,1221,358,316,0.9748,4.0,0.0,0.0,4.0
Rec-G3_std_1,7,core,1222,361,316,0.981,3.0,0.0,0.0,3.0
Rec-G3_std_1,7,post,1223,361,316,0.985,0.0,0.0,0.0,0.0
Rec-G3_std_1,7,post,1224,361,316,0.9918,0.0,0.0,0.0,0.0
Rec-G3_std_1,7,post,1225,356,316,0.9924,-5.0,0.0,180.0,5.0
Rec-G3_std_1,7,post,1226,356,316,0.9873,0.0,0.0,0.0,0.0
Rec-G3_std_1,7,post,1227,356,316,0.9859,0.0,0.0,0.0,0.0
Rec-G3_std_1,8,pre,1362,302,317,0.9804,,,,
Rec-G3_std_1,8,pre,1363,297,317,0.9821,-5.0,0.0,180.0,5.0
Rec-G3_std_1,8,pre,1364,293,317,0.9795,-4.0,0.0,180.0,4.0
Rec-G3_std_1,8,pre,1365,292,317,0.9835,-1.0,0.0,180.0,1.0
Rec-G3_std_1,8,pre,1366,292,317,0.9821,0.0,0.0,0.0,0.0
Rec-G3_std_1,8,core,1367,291,317,0.9785,-1.0,0.0,180.0,1.0
Rec-G3_std_1,8,core,1368,295,318,0.9779,4.0,1.0,-14.04,4.12
Rec-G3_std_1,8,core,1369,300,317,0.9753,5.0,-1.0,11.31,5.1
Rec-G3_std_1,8,core,1370,304,317,0.9754,4.0,0.0,0.0,4.0
Rec-G3_std_1,8,core,1371,309,317,0.9762,5.0,0.0,0.0,5.0
Rec-G3_std_1,8,core,1372,314,317,0.9764,5.0,0.0,0.0,5.0
Rec-G3_std_1,8,core,1373,319,317,0.9739,5.0,0.0,0.0,5.0
Rec-G3_std_1,8,core,1374,324,317,0.9709,5.0,0.0,0.0,5.0
Rec-G3_std_1,8,core,1375,328,317,0.9704,4.0,0.0,0.0,4.0
Rec-G3_std_1,8,core,1376,333,317,0.9706,5.0,0.0,0.0,5.0
Rec-G3_std_1,8,core,1377,338,317,0.9698,5.0,0.0,0.0,5.0
Rec-G3_std_1,8,core,1378,343,316,0.9715,5.0,-1.0,11.31,5.1
Rec-G3_std_1,8,core,1379,348,316,0.972,5.0,0.0,0.0,5.0
Rec-G3_std_1,8,core,1380,357,316,0.9748,9.0,0.0,0.0,9.0
Rec-G3_std_1,8,core,1381,361,316,0.9791,4.0,0.0,0.0,4.0
Rec-G3_std_1,8,post,1382,361,316,0.9791,0.0,0.0,0.0,0.0
Rec-G3_std_1,8,post,1383,361,316,0.9916,0.0,0.0,0.0,0.0
Rec-G3_std_1,8,post,1384,357,316,0.9919,-4.0,0.0,180.0,4.0
Rec-G3_std_1,8,post,1385,356,316,0.9889,-1.0,0.0,180.0,1.0
Rec-G3_std_1,8,post,1386,356,316,0.9855,0.0,0.0,0.0,0.0
Rec-G3_std_1,9,pre,1517,296,317,0.9812,,,,
Rec-G3_std_1,9,pre,1518,292,317,0.9834,-4.0,0.0,180.0,4.0
Rec-G3_std_1,9,pre,1519,292,317,0.9839,0.0,0.0,0.0,0.0
Rec-G3_std_1,9,pre,1520,292,317,0.9812,0.0,0.0,0.0,0.0
Rec-G3_std_1,9,pre,1521,291,317,0.9787,-1.0,0.0,180.0,1.0
Rec-G3_std_1,9,core,1522,292,318,0.9802,1.0,1.0,-45.0,1.41
Rec-G3_std_1,9,core,1523,296,318,0.975,4.0,0.0,0.0,4.0
Rec-G3_std_1,9,core,1524,301,317,0.9757,5.0,-1.0,11.31,5.1
Rec-G3_std_1,9,core,1525,306,317,0.977,5.0,0.0,0.0,5.0
Rec-G3_std_1,9,core,1526,311,317,0.9759,5.0,0.0,0.0,5.0
Rec-G3_std_1,9,core,1527,316,317,0.9735,5.0,0.0,0.0,5.0
Rec-G3_std_1,9,core,1528,320,317,0.9722,4.0,0.0,0.0,4.0
Rec-G3_std_1,9,core,1529,320,317,0.9722,0.0,0.0,0.0,0.0
Rec-G3_std_1,9,core,1530,325,317,0.973,5.0,0.0,0.0,5.0
Rec-G3_std_1,9,core,1531,335,317,0.9705,10.0,0.0,0.0,10.0
Rec-G3_std_1,9,core,1532,340,316,0.9691,5.0,-1.0,11.31,5.1
Rec-G3_std_1,9,core,1533,345,316,0.97,5.0,0.0,0.0,5.0
Rec-G3_std_1,9,core,1534,349,316,0.9723,4.0,0.0,0.0,4.0
Rec-G3_std_1,9,core,1535,354,316,0.9748,5.0,0.0,0.0,5.0
Rec-G3_std_1,9,core,1536,359,316,0.9756,5.0,0.0,0.0,5.0
Rec-G3_std_1,9,core,1537,361,316,0.9828,2.0,0.0,0.0,2.0
Rec-G3_std_1,9,post,1538,361,316,0.9863,0.0,0.0,0.0,0.0
Rec-G3_std_1,9,post,1539,361,316,0.9922,0.0,0.0,0.0,0.0
Rec-G3_std_1,9,post,1540,356,316,0.9922,-5.0,0.0,180.0,5.0
Rec-G3_std_1,9,post,1541,356,316,0.9871,0.0,0.0,0.0,0.0
Rec-G3_std_1,9,post,1542,356,316,0.9865,0.0,0.0,0.0,0.0
Rec-G3_std_1,10,pre,1662,298,317,0.9816,,,,
Rec-G3_std_1,10,pre,1663,294,317,0.9816,-4.0,0.0,180.0,4.0
Rec-G3_std_1,10,pre,1664,292,317,0.9842,-2.0,0.0,180.0,2.0
Rec-G3_std_1,10,pre,1665,292,317,0.9832,0.0,0.0,0.0,0.0
Rec-G3_std_1,10,pre,1666,291,317,0.9795,-1.0,0.0,180.0,1.0
Rec-G3_std_1,10,core,1667,291,318,0.9779,0.0,1.0,-90.0,1.0
Rec-G3_std_1,10,core,1668,294,318,0.9793,3.0,0.0,0.0,3.0
Rec-G3_std_1,10,core,1669,299,317,0.9767,5.0,-1.0,11.31,5.1
Rec-G3_std_1,10,core,1670,304,317,0.9758,5.0,0.0,0.0,5.0
Rec-G3_std_1,10,core,1671,308,317,0.9752,4.0,0.0,0.0,4.0
Rec-G3_std_1,10,core,1672,313,317,0.976,5.0,0.0,0.0,5.0
Rec-G3_std_1,10,core,1673,318,317,0.976,5.0,0.0,0.0,5.0
Rec-G3_std_1,10,core,1674,323,317,0.9747,5.0,0.0,0.0,5.0
Rec-G3_std_1,10,core,1675,328,317,0.9717,5.0,0.0,0.0,5.0
Rec-G3_std_1,10,core,1676,332,317,0.9706,4.0,0.0,0.0,4.0
Rec-G3_std_1,10,core,1677,337,317,0.9709,5.0,0.0,0.0,5.0
Rec-G3_std_1,10,core,1678,342,316,0.9715,5.0,-1.0,11.31,5.1
Rec-G3_std_1,10,core,1679,347,316,0.9733,5.0,0.0,0.0,5.0
Rec-G3_std_1,10,core,1680,352,316,0.9738,5.0,0.0,0.0,5.0
Rec-G3_std_1,10,core,1681,356,316,0.9734,4.0,0.0,0.0,4.0
Rec-G3_std_1,10,core,1682,361,316,0.977,5.0,0.0,0.0,5.0
Rec-G3_std_1,10,post,1683,361,316,0.9843,0.0,0.0,0.0,0.0
Rec-G3_std_1,10,post,1684,361,316,0.9911,0.0,0.0,0.0,0.0
Rec-G3_std_1,10,post,1685,358,316,0.9918,-3.0,0.0,180.0,3.0
Rec-G3_std_1,10,post,1686,356,316,0.9898,-2.0,0.0,180.0,2.0
Rec-G3_std_1,10,post,1687,356,316,0.9862,0.0,0.0,0.0,0.0
Rec-G3_std_1,11,pre,1815,304,317,0.9826,,,,
Rec-G3_std_1,11,pre,1816,295,317,0.9813,-9.0,0.0,180.0,9.0
Rec-G3_std_1,11,pre,1817,292,317,0.9842,-3.0,0.0,180.0,3.0
Rec-G3_std_1,11,pre,1818,292,317,0.9834,0.0,0.0,0.0,0.0
Rec-G3_std_1,11,pre,1819,292,317,0.9797,0.0,0.0,0.0,0.0
Rec-G3_std_1,11,core,1820,291,317,0.9778,-1.0,0.0,180.0,1.0
Rec-G3_std_1,11,core,1821,294,318,0.9781,3.0,1.0,-18.43,3.16
Rec-G3_std_1,11,core,1822,298,317,0.9756,4.0,-1.0,14.04,4.12
Rec-G3_std_1,11,core,1823,303,317,0.977,5.0,0.0,0.0,5.0
Rec-G3_std_1,11,core,1824,308,317,0.9772,5.0,0.0,0.0,5.0
Rec-G3_std_1,11,core,1825,313,317,0.9755,5.0,0.0,0.0,5.0
Rec-G3_std_1,11,core,1826,317,317,0.9731,4.0,0.0,0.0,4.0
Rec-G3_std_1,11,core,1827,322,317,0.9733,5.0,0.0,0.0,5.0
Rec-G3_std_1,11,core,1828,327,317,0.9736,5.0,0.0,0.0,5.0
Rec-G3_std_1,11,core,1829,332,317,0.9721,5.0,0.0,0.0,5.0
Rec-G3_std_1,11,core,1830,337,317,0.9705,5.0,0.0,0.0,5.0
Rec-G3_std_1,11,core,1831,342,316,0.9699,5.0,-1.0,11.31,5.1
Rec-G3_std_1,11,core,1832,346,316,0.9716,4.0,0.0,0.0,4.0
Rec-G3_std_1,11,core,1833,351,316,0.9744,5.0,0.0,0.0,5.0
Rec-G3_std_1,11,core,1834,356,316,0.9763,5.0,0.0,0.0,5.0
Rec-G3_std_1,11,core,1835,360,316,0.9777,4.0,0.0,0.0,4.0
Rec-G3_std_1,11,post,1836,361,316,0.9841,1.0,0.0,0.0,1.0
Rec-G3_std_1,11,post,1837,361,316,0.9902,0.0,0.0,0.0,0.0
Rec-G3_std_1,11,post,1838,359,316,0.992,-2.0,0.0,180.0,2.0
Rec-G3_std_1,11,post,1839,356,316,0.9901,-3.0,0.0,180.0,3.0
Rec-G3_std_1,11,post,1840,356,316,0.9852,0.0,0.0,0.0,0.0
Rec-G3_std_1,12,pre,1964,300,317,0.9822,,,,
Rec-G3_std_1,12,pre,1965,296,317,0.9815,-4.0,0.0,180.0,4.0
Rec-G3_std_1,12,pre,1966,292,317,0.9842,-4.0,0.0,180.0,4.0
Rec-G3_std_1,12,pre,1967,292,317,0.9838,0.0,0.0,0.0,0.0
Rec-G3_std_1,12,pre,1968,292,317,0.9806,0.0,0.0,0.0,0.0
Rec-G3_std_1,12,core,1969,291,317,0.9791,-1.0,0.0,180.0,1.0
Rec-G3_std_1,12,core,1970,293,318,0.9802,2.0,1.0,-26.57,2.24
Rec-G3_std_1,12,core,1971,298,317,0.9766,5.0,-1.0,11.31,5.1
Rec-G3_std_1,12,core,1972,303,317,0.975,5.0,0.0,0.0,5.0
Rec-G3_std_1,12,core,1973,307,317,0.977,4.0,0.0,0.0,4.0
Rec-G3_std_1,12,core,1974,312,317,0.9771,5.0,0.0,0.0,5.0
Rec-G3_std_1,12,core,1975,317,317,0.9763,5.0,0.0,0.0,5.0
Rec-G3_std_1,12,core,1976,322,317,0.9745,5.0,0.0,0.0,5.0
Rec-G3_std_1,12,core,1977,326,317,0.9724,4.0,0.0,0.0,4.0
Rec-G3_std_1,12,core,1978,331,317,0.9727,5.0,0.0,0.0,5.0
Rec-G3_std_1,12,core,1979,336,317,0.9725,5.0,0.0,0.0,5.0
Rec-G3_std_1,12,core,1980,341,316,0.9724,5.0,-1.0,11.31,5.1
Rec-G3_std_1,12,core,1981,346,316,0.9731,5.0,0.0,0.0,5.0
Rec-G3_std_1,12,core,1982,351,316,0.9727,5.0,0.0,0.0,5.0
Rec-G3_std_1,12,core,1983,355,316,0.9745,4.0,0.0,0.0,4.0
Rec-G3_std_1,12,core,1984,360,316,0.9781,5.0,0.0,0.0,5.0
Rec-G3_std_1,12,post,1985,361,316,0.9846,1.0,0.0,0.0,1.0
Rec-G3_std_1,12,post,1986,361,316,0.9895,0.0,0.0,0.0,0.0
Rec-G3_std_1,12,post,1987,360,316,0.9931,-1.0,0.0,180.0,1.0
Rec-G3_std_1,12,post,1988,356,316,0.9908,-4.0,0.0,180.0,4.0
Rec-G3_std_1,12,post,1989,356,316,0.9859,0.0,0.0,0.0,0.0
Rec-G3_std_1,13,pre,2117,298,317,0.983,,,,
Rec-G3_std_1,13,pre,2118,293,317,0.9825,-5.0,0.0,180.0,5.0
Rec-G3_std_1,13,pre,2119,292,317,0.9843,-1.0,0.0,180.0,1.0
Rec-G3_std_1,13,pre,2120,292,317,0.982,0.0,0.0,0.0,0.0
Rec-G3_std_1,13,pre,2121,291,317,0.9793,-1.0,0.0,180.0,1.0
Rec-G3_std_1,13,core,2122,292,318,0.9773,1.0,1.0,-45.0,1.41
Rec-G3_std_1,13,core,2123,296,318,0.9769,4.0,0.0,0.0,4.0
Rec-G3_std_1,13,core,2124,301,317,0.976,5.0,-1.0,11.31,5.1
Rec-G3_std_1,13,core,2125,305,317,0.9765,4.0,0.0,0.0,4.0
Rec-G3_std_1,13,core,2126,310,317,0.977,5.0,0.0,0.0,5.0
Rec-G3_std_1,13,core,2127,315,317,0.9764,5.0,0.0,0.0,5.0
Rec-G3_std_1,13,core,2128,320,317,0.9747,5.0,0.0,0.0,5.0
Rec-G3_std_1,13,core,2129,325,317,0.9726,5.0,0.0,0.0,5.0
Rec-G3_std_1,13,core,2130,329,317,0.9726,4.0,0.0,0.0,4.0
Rec-G3_std_1,13,core,2131,334,317,0.9722,5.0,0.0,0.0,5.0
Rec-G3_std_1,13,core,2132,339,316,0.9715,5.0,-1.0,11.31,5.1
Rec-G3_std_1,13,core,2133,344,316,0.9731,5.0,0.0,0.0,5.0
Rec-G3_std_1,13,core,2134,349,316,0.9732,5.0,0.0,0.0,5.0
Rec-G3_std_1,13,core,2135,353,316,0.9739,4.0,0.0,0.0,4.0
Rec-G3_std_1,13,core,2136,358,316,0.977,5.0,0.0,0.0,5.0
Rec-G3_std_1,13,core,2137,361,316,0.9825,3.0,0.0,0.0,3.0
Rec-G3_std_1,13,post,2138,361,316,0.986,0.0,0.0,0.0,0.0
Rec-G3_std_1,13,post,2139,361,316,0.9922,0.0,0.0,0.0,0.0
Rec-G3_std_1,13,post,2140,350,316,0.9774,-11.0,0.0,180.0,11.0
Rec-G3_std_1,13,post,2141,345,316,0.9858,-5.0,0.0,180.0,5.0
Rec-G3_std_1,13,post,2142,346,316,0.9815,1.0,0.0,0.0,1.0
Rec-G3_std_1,14,pre,2262,298,317,0.9806,,,,
Rec-G3_std_1,14,pre,2263,293,317,0.9826,-5.0,0.0,180.0,5.0
Rec-G3_std_1,14,pre,2264,292,317,0.9839,-1.0,0.0,180.0,1.0
Rec-G3_std_1,14,pre,2265,292,317,0.9816,0.0,0.0,0.0,0.0
Rec-G3_std_1,14,pre,2266,291,317,0.9795,-1.0,0.0,180.0,1.0
Rec-G3_std_1,14,core,2267,292,318,0.9796,1.0,1.0,-45.0,1.41
Rec-G3_std_1,14,core,2268,296,318,0.9752,4.0,0.0,0.0,4.0
Rec-G3_std_1,14,core,2269,301,317,0.9773,5.0,-1.0,11.31,5.1
Rec-G3_std_1,14,core,2270,306,317,0.9782,5.0,0.0,0.0,5.0
Rec-G3_std_1,14,core,2271,311,317,0.9769,5.0,0.0,0.0,5.0
Rec-G3_std_1,14,core,2272,316,317,0.9742,5.0,0.0,0.0,5.0
Rec-G3_std_1,14,core,2273,320,317,0.9737,4.0,0.0,0.0,4.0
Rec-G3_std_1,14,core,2274,325,317,0.9742,5.0,0.0,0.0,5.0
Rec-G3_std_1,14,core,2275,330,317,0.9734,5.0,0.0,0.0,5.0
Rec-G3_std_1,14,core,2276,335,317,0.9722,5.0,0.0,0.0,5.0
Rec-G3_std_1,14,core,2277,340,316,0.9705,5.0,-1.0,11.31,5.1
Rec-G3_std_1,14,core,2278,345,316,0.971,5.0,0.0,0.0,5.0
Rec-G3_std_1,14,core,2279,349,316,0.9737,4.0,0.0,0.0,4.0
Rec-G3_std_1,14,core,2280,354,316,0.9761,5.0,0.0,0.0,5.0
Rec-G3_std_1,14,core,2281,359,316,0.9768,5.0,0.0,0.0,5.0
Rec-G3_std_1,14,core,2282,361,316,0.9838,2.0,0.0,0.0,2.0
Rec-G3_std_1,14,post,2283,361,316,0.9869,0.0,0.0,0.0,0.0
Rec-G3_std_1,14,post,2284,361,316,0.9921,0.0,0.0,0.0,0.0
Rec-G3_std_1,14,post,2285,345,316,0.9871,-16.0,0.0,180.0,16.0
Rec-G3_std_1,14,post,2286,345,316,0.9837,0.0,0.0,0.0,0.0
Rec-G3_std_1,14,post,2287,344,316,0.9839,-1.0,0.0,180.0,1.0
Rec-G3_std_1,15,pre,2407,302,317,0.9822,,,,
Rec-G3_std_1,15,pre,2408,297,317,0.9827,-5.0,0.0,180.0,5.0
Rec-G3_std_1,15,pre,2409,293,317,0.9802,-4.0,0.0,180.0,4.0
Rec-G3_std_1,15,pre,2410,292,317,0.9832,-1.0,0.0,180.0,1.0
Rec-G3_std_1,15,pre,2411,292,317,0.9804,0.0,0.0,0.0,0.0
Rec-G3_std_1,15,core,2412,291,317,0.9788,-1.0,0.0,180.0,1.0
Rec-G3_std_1,15,core,2413,293,318,0.9766,2.0,1.0,-26.57,2.24
Rec-G3_std_1,15,core,2414,297,317,0.9762,4.0,-1.0,14.04,4.12
Rec-G3_std_1,15,core,2415,302,317,0.9776,5.0,0.0,0.0,5.0
Rec-G3_std_1,15,core,2416,307,317,0.9769,5.0,0.0,0.0,5.0
Rec-G3_std_1,15,core,2417,312,317,0.9751,5.0,0.0,0.0,5.0
Rec-G3_std_1,15,core,2418,316,317,0.9744,4.0,0.0,0.0,4.0
Rec-G3_std_1,15,core,2419,321,317,0.9741,5.0,0.0,0.0,5.0
Rec-G3_std_1,15,core,2420,326,317,0.9739,5.0,0.0,0.0,5.0
Rec-G3_std_1,15,core,2421,331,317,0.9721,5.0,0.0,0.0,5.0
Rec-G3_std_1,15,core,2422,336,317,0.9699,5.0,0.0,0.0,5.0
Rec-G3_std_1,15,core,2423,341,316,0.9693,5.0,-1.0,11.31,5.1
Rec-G3_std_1,15,core,2424,345,316,0.9722,4.0,0.0,0.0,4.0
Rec-G3_std_1,15,core,2425,350,316,0.9747,5.0,0.0,0.0,5.0
Rec-G3_std_1,15,core,2426,355,316,0.9758,5.0,0.0,0.0,5.0
Rec-G3_std_1,15,core,2427,360,316,0.9757,5.0,0.0,0.0,5.0
Rec-G3_std_1,15,core,2428,361,316,0.9843,1.0,0.0,0.0,1.0
Rec-G3_std_1,15,post,2429,361,316,0.9882,0.0,0.0,0.0,0.0
Rec-G3_std_1,15,post,2430,361,316,0.9896,0.0,0.0,0.0,0.0
Rec-G3_std_1,15,post,2431,336,316,0.9258,-25.0,0.0,180.0,25.0
Rec-G3_std_1,15,post,2432,300,317,0.9754,-36.0,1.0,-178.41,36.01
Rec-G3_std_1,15,post,2433,297,317,0.9876,-3.0,0.0,180.0,3.0
Rec-G3_std_1,16,pre,2556,300,317,0.9812,,,,
Rec-G3_std_1,16,pre,2557,295,317,0.982,-5.0,0.0,180.0,5.0
Rec-G3_std_1,16,pre,2558,292,317,0.9832,-3.0,0.0,180.0,3.0
Rec-G3_std_1,16,pre,2559,292,317,0.9817,0.0,0.0,0.0,0.0
Rec-G3_std_1,16,pre,2560,291,317,0.9787,-1.0,0.0,180.0,1.0
Rec-G3_std_1,16,core,2561,291,318,0.977,0.0,1.0,-90.0,1.0
Rec-G3_std_1,16,core,2562,295,318,0.9774,4.0,0.0,0.0,4.0
Rec-G3_std_1,16,core,2563,300,317,0.9769,5.0,-1.0,11.31,5.1
Rec-G3_std_1,16,core,2564,304,317,0.9755,4.0,0.0,0.0,4.0
Rec-G3_std_1,16,core,2565,309,317,0.9763,5.0,0.0,0.0,5.0
Rec-G3_std_1,16,core,2566,314,317,0.9767,5.0,0.0,0.0,5.0
Rec-G3_std_1,16,core,2567,319,317,0.9752,5.0,0.0,0.0,5.0
Rec-G3_std_1,16,core,2568,324,317,0.9731,5.0,0.0,0.0,5.0
Rec-G3_std_1,16,core,2569,328,317,0.9709,4.0,0.0,0.0,4.0
Rec-G3_std_1,16,core,2570,333,317,0.9711,5.0,0.0,0.0,5.0
Rec-G3_std_1,16,core,2571,338,317,0.971,5.0,0.0,0.0,5.0
Rec-G3_std_1,16,core,2572,343,316,0.9733,5.0,-1.0,11.31,5.1
Rec-G3_std_1,16,core,2573,348,316,0.9741,5.0,0.0,0.0,5.0
Rec-G3_std_1,16,core,2574,353,316,0.9738,5.0,0.0,0.0,5.0
Rec-G3_std_1,16,core,2575,357,316,0.9758,4.0,0.0,0.0,4.0
Rec-G3_std_1,16,core,2576,361,316,0.9809,4.0,0.0,0.0,4.0
Rec-G3_std_1,16,post,2577,361,316,0.9916,0.0,0.0,0.0,0.0
Rec-G3_std_1,16,post,2578,361,316,0.9916,0.0,0.0,0.0,0.0
Rec-G3_std_1,16,post,2579,355,316,0.9855,-6.0,0.0,180.0,6.0
Rec-G3_std_1,16,post,2580,352,316,0.9898,-3.0,0.0,180.0,3.0
Rec-G3_std_1,16,post,2581,352,316,0.9851,0.0,0.0,0.0,0.0
Rec-G3_std_1,17,pre,2695,297,317,0.9829,,,,
Rec-G3_std_1,17,pre,2696,292,317,0.9805,-5.0,0.0,180.0,5.0
Rec-G3_std_1,17,pre,2697,292,317,0.9829,0.0,0.0,0.0,0.0
Rec-G3_std_1,17,pre,2698,292,317,0.9794,0.0,0.0,0.0,0.0
Rec-G3_std_1,17,pre,2699,291,317,0.9776,-1.0,0.0,180.0,1.0
Rec-G3_std_1,17,core,2700,293,318,0.9776,2.0,1.0,-26.57,2.24
Rec-G3_std_1,17,core,2701,298,317,0.9773,5.0,-1.0,11.31,5.1
Rec-G3_std_1,17,core,2702,303,317,0.9775,5.0,0.0,0.0,5.0
Rec-G3_std_1,17,core,2703,308,317,0.9762,5.0,0.0,0.0,5.0
Rec-G3_std_1,17,core,2704,312,317,0.9751,4.0,0.0,0.0,4.0
Rec-G3_std_1,17,core,2705,317,317,0.9762,5.0,0.0,0.0,5.0
Rec-G3_std_1,17,core,2706,322,317,0.9754,5.0,0.0,0.0,5.0
Rec-G3_std_1,17,core,2707,327,317,0.9748,5.0,0.0,0.0,5.0
Rec-G3_std_1,17,core,2708,332,317,0.9724,5.0,0.0,0.0,5.0
Rec-G3_std_1,17,core,2709,336,317,0.9712,4.0,0.0,0.0,4.0
Rec-G3_std_1,17,core,2710,341,316,0.9722,5.0,-1.0,11.31,5.1
Rec-G3_std_1,17,core,2711,346,316,0.9744,5.0,0.0,0.0,5.0
Rec-G3_std_1,17,core,2712,351,316,0.9755,5.0,0.0,0.0,5.0
Rec-G3_std_1,17,core,2713,356,316,0.9762,5.0,0.0,0.0,5.0
Rec-G3_std_1,17,core,2714,360,316,0.9792,4.0,0.0,0.0,4.0
Rec-G3_std_1,17,post,2715,361,316,0.9852,1.0,0.0,0.0,1.0
Rec-G3_std_1,17,post,2716,361,316,0.9901,0.0,0.0,0.0,0.0
Rec-G3_std_1,17,post,2717,359,316,0.9897,-2.0,0.0,180.0,2.0
Rec-G3_std_1,17,post,2718,345,316,0.9888,-14.0,0.0,180.0,14.0
Rec-G3_std_1,17,post,2719,344,316,0.9892,-1.0,0.0,180.0,1.0
Rec-G3_std_1,18,pre,2831,304,317,0.9803,,,,
Rec-G3_std_1,18,pre,2832,299,317,0.9827,-5.0,0.0,180.0,5.0
Rec-G3_std_1,18,pre,2833,294,317,0.9821,-5.0,0.0,180.0,5.0
Rec-G3_std_1,18,pre,2834,292,317,0.9831,-2.0,0.0,180.0,2.0
Rec-G3_std_1,18,pre,2835,292,317,0.9808,0.0,0.0,0.0,0.0
Rec-G3_std_1,18,core,2836,292,318,0.9786,0.0,1.0,-90.0,1.0
Rec-G3_std_1,18,core,2837,301,317,0.9768,9.0,-1.0,6.34,9.06
Rec-G3_std_1,18,core,2838,306,317,0.9778,5.0,0.0,0.0,5.0
Rec-G3_std_1,18,core,2839,311,317,0.9767,5.0,0.0,0.0,5.0
Rec-G3_std_1,18,core,2840,316,317,0.9742,5.0,0.0,0.0,5.0
Rec-G3_std_1,18,core,2841,320,317,0.9739,4.0,0.0,0.0,4.0
Rec-G3_std_1,18,core,2842,325,317,0.9744,5.0,0.0,0.0,5.0
Rec-G3_std_1,18,core,2843,330,317,0.9735,5.0,0.0,0.0,5.0
Rec-G3_std_1,18,core,2844,335,317,0.9719,5.0,0.0,0.0,5.0
Rec-G3_std_1,18,core,2845,340,316,0.9711,5.0,-1.0,11.31,5.1
Rec-G3_std_1,18,core,2846,344,316,0.972,4.0,0.0,0.0,4.0
Rec-G3_std_1,18,core,2847,349,316,0.9747,5.0,0.0,0.0,5.0
Rec-G3_std_1,18,core,2848,354,316,0.9766,5.0,0.0,0.0,5.0
Rec-G3_std_1,18,core,2849,359,316,0.9772,5.0,0.0,0.0,5.0
Rec-G3_std_1,18,post,2850,361,316,0.9837,2.0,0.0,0.0,2.0
Rec-G3_std_1,18,post,2851,361,316,0.9868,0.0,0.0,0.0,0.0
Rec-G3_std_1,18,post,2852,361,316,0.9917,0.0,0.0,0.0,0.0
Rec-G3_std_1,18,post,2853,356,316,0.9917,-5.0,0.0,180.0,5.0
Rec-G3_std_1,18,post,2854,356,316,0.9876,0.0,0.0,0.0,0.0
Rec-G3_std_1,19,pre,2970,302,317,0.9811,,,,
Rec-G3_std_1,19,pre,2971,297,317,0.9824,-5.0,0.0,180.0,5.0
Rec-G3_std_1,19,pre,2972,292,317,0.98,-5.0,0.0,180.0,5.0
Rec-G3_std_1,19,pre,2973,292,317,0.9824,0.0,0.0,0.0,0.0
Rec-G3_std_1,19,pre,2974,291,317,0.9789,-1.0,0.0,180.0,1.0
Rec-G3_std_1,19,core,2975,291,317,0.9775,0.0,0.0,0.0,0.0
Rec-G3_std_1,19,core,2976,294,318,0.9774,3.0,1.0,-18.43,3.16
Rec-G3_std_1,19,core,2977,299,317,0.976,5.0,-1.0,11.31,5.1
Rec-G3_std_1,19,core,2978,303,317,0.9754,4.0,0.0,0.0,4.0
Rec-G3_std_1,19,core,2979,308,317,0.9767,5.0,0.0,0.0,5.0
Rec-G3_std_1,19,core,2980,313,317,0.9768,5.0,0.0,0.0,5.0
Rec-G3_std_1,19,core,2981,318,316,0.9053,5.0,-1.0,11.31,5.1
Rec-G3_std_1,19,core,2982,323,317,0.9729,5.0,1.0,-11.31,5.1
Rec-G3_std_1,19,core,2983,327,317,0.972,4.0,0.0,0.0,4.0
Rec-G3_std_1,19,core,2984,332,317,0.972,5.0,0.0,0.0,5.0
Rec-G3_std_1,19,core,2985,337,317,0.9719,5.0,0.0,0.0,5.0
Rec-G3_std_1,19,core,2986,342,316,0.9733,5.0,-1.0,11.31,5.1
Rec-G3_std_1,19,core,2987,347,316,0.9742,5.0,0.0,0.0,5.0
Rec-G3_std_1,19,core,2988,351,316,0.9733,4.0,0.0,0.0,4.0
Rec-G3_std_1,19,core,2989,356,316,0.9763,5.0,0.0,0.0,5.0
Rec-G3_std_1,19,core,2990,360,316,0.9777,4.0,0.0,0.0,4.0
Rec-G3_std_1,19,post,2991,361,316,0.9847,1.0,0.0,0.0,1.0
Rec-G3_std_1,19,post,2992,361,316,0.9902,0.0,0.0,0.0,0.0
Rec-G3_std_1,19,post,2993,358,316,0.9879,-3.0,0.0,180.0,3.0
Rec-G3_std_1,19,post,2994,353,316,0.9905,-5.0,0.0,180.0,5.0
Rec-G3_std_1,19,post,2995,353,316,0.9858,0.0,0.0,0.0,0.0
Rec-G3_std_1,20,pre,3105,298,317,0.9818,,,,
Rec-G3_std_1,20,pre,3106,294,317,0.979,-4.0,0.0,180.0,4.0
Rec-G3_std_1,20,pre,3107,292,317,0.9826,-2.0,0.0,180.0,2.0
Rec-G3_std_1,20,pre,3108,292,317,0.9795,0.0,0.0,0.0,0.0
Rec-G3_std_1,20,pre,3109,291,317,0.9775,-1.0,0.0,180.0,1.0
Rec-G3_std_1,20,core,3110,293,318,0.9777,2.0,1.0,-26.57,2.24
Rec-G3_std_1,20,core,3111,298,317,0.9753,5.0,-1.0,11.31,5.1
Rec-G3_std_1,20,core,3112,302,317,0.9751,4.0,0.0,0.0,4.0
Rec-G3_std_1,20,core,3113,307,317,0.9763,5.0,0.0,0.0,5.0
Rec-G3_std_1,20,core,3114,312,317,0.9765,5.0,0.0,0.0,5.0
Rec-G3_std_1,20,core,3115,317,317,0.975,5.0,0.0,0.0,5.0
Rec-G3_std_1,20,core,3116,322,317,0.9726,5.0,0.0,0.0,5.0
Rec-G3_std_1,20,core,3117,326,317,0.972,4.0,0.0,0.0,4.0
Rec-G3_std_1,20,core,3118,331,317,0.9718,5.0,0.0,0.0,5.0
Rec-G3_std_1,20,core,3119,336,317,0.9714,5.0,0.0,0.0,5.0
Rec-G3_std_1,20,core,3120,341,316,0.9731,5.0,-1.0,11.31,5.1
Rec-G3_std_1,20,core,3121,346,316,0.9736,5.0,0.0,0.0,5.0
Rec-G3_std_1,20,core,3122,350,316,0.9738,4.0,0.0,0.0,4.0
Rec-G3_std_1,20,core,3123,355,316,0.9761,5.0,0.0,0.0,5.0
Rec-G3_std_1,20,core,3124,360,316,0.9787,5.0,0.0,0.0,5.0
Rec-G3_std_1,20,post,3125,361,316,0.9845,1.0,0.0,0.0,1.0
Rec-G3_std_1,20,post,3126,361,316,0.9887,0.0,0.0,0.0,0.0
Rec-G3_std_1,20,post,3127,360,316,0.9917,-1.0,0.0,180.0,1.0
Rec-G3_std_1,20,post,3128,355,316,0.9916,-5.0,0.0,180.0,5.0
Rec-G3_std_1,20,post,3129,355,316,0.9876,0.0,0.0,0.0,0.0
Rec-G3_std_1,21,pre,3239,299,317,0.9802,,,,
Rec-G3_std_1,21,pre,3240,295,317,0.9799,-4.0,0.0,180.0,4.0
Rec-G3_std_1,21,pre,3241,292,317,0.9823,-3.0,0.0,180.0,3.0
Rec-G3_std_1,21,pre,3242,292,317,0.9798,0.0,0.0,0.0,0.0
Rec-G3_std_1,21,pre,3243,291,317,0.9772,-1.0,0.0,180.0,1.0
Rec-G3_std_1,21,core,3244,292,318,0.9769,1.0,1.0,-45.0,1.41
Rec-G3_std_1,21,core,3245,297,317,0.9754,5.0,-1.0,11.31,5.1
Rec-G3_std_1,21,core,3246,302,317,0.9742,5.0,0.0,0.0,5.0
Rec-G3_std_1,21,core,3247,306,317,0.976,4.0,0.0,0.0,4.0
Rec-G3_std_1,21,core,3248,311,317,0.9764,5.0,0.0,0.0,5.0
Rec-G3_std_1,21,core,3249,316,317,0.9755,5.0,0.0,0.0,5.0
Rec-G3_std_1,21,core,3250,316,317,0.9755,0.0,0.0,0.0,0.0
Rec-G3_std_1,21,core,3251,325,317,0.9713,9.0,0.0,0.0,9.0
Rec-G3_std_1,21,core,3252,330,317,0.9714,5.0,0.0,0.0,5.0
Rec-G3_std_1,21,core,3253,335,317,0.9719,5.0,0.0,0.0,5.0
Rec-G3_std_1,21,core,3254,340,316,0.9723,5.0,-1.0,11.31,5.1
Rec-G3_std_1,21,core,3255,345,316,0.9736,5.0,0.0,0.0,5.0
Rec-G3_std_1,21,core,3256,350,316,0.9728,5.0,0.0,0.0,5.0
Rec-G3_std_1,21,core,3257,354,316,0.9751,4.0,0.0,0.0,4.0
Rec-G3_std_1,21,core,3258,359,316,0.9773,5.0,0.0,0.0,5.0
Rec-G3_std_1,21,post,3259,361,316,0.9841,2.0,0.0,0.0,2.0
Rec-G3_std_1,21,post,3260,361,316,0.9868,0.0,0.0,0.0,0.0
Rec-G3_std_1,21,post,3261,361,316,0.991,0.0,0.0,0.0,0.0
Rec-G3_std_1,21,post,3262,341,316,0.9353,-20.0,0.0,180.0,20.0
Rec-G3_std_1,21,post,3263,303,317,0.9674,-38.0,1.0,-178.49,38.01
Rec-G3_std_1,22,pre,3339,308,317,0.9806,,,,
Rec-G3_std_1,22,pre,3340,303,317,0.9808,-5.0,0.0,180.0,5.0
Rec-G3_std_1,22,pre,3341,299,317,0.9795,-4.0,0.0,180.0,4.0
Rec-G3_std_1,22,pre,3342,294,317,0.9819,-5.0,0.0,180.0,5.0
Rec-G3_std_1,22,pre,3343,293,317,0.9801,-1.0,0.0,180.0,1.0
Rec-G3_std_1,22,core,3344,293,317,0.9788,0.0,0.0,0.0,0.0
Rec-G3_std_1,22,core,3345,296,317,0.977,3.0,0.0,0.0,3.0
Rec-G3_std_1,22,core,3346,301,317,0.9782,5.0,0.0,0.0,5.0
Rec-G3_std_1,22,core,3347,306,317,0.9775,5.0,0.0,0.0,5.0
Rec-G3_std_1,22,core,3348,311,317,0.9756,5.0,0.0,0.0,5.0
Rec-G3_std_1,22,core,3349,315,317,0.9754,4.0,0.0,0.0,4.0
Rec-G3_std_1,22,core,3350,320,317,0.9753,5.0,0.0,0.0,5.0
Rec-G3_std_1,22,core,3351,325,317,0.9751,5.0,0.0,0.0,5.0
Rec-G3_std_1,22,core,3352,330,317,0.9732,5.0,0.0,0.0,5.0
Rec-G3_std_1,22,core,3353,335,316,0.9719,5.0,-1.0,11.31,5.1
Rec-G3_std_1,22,core,3354,339,316,0.9733,4.0,0.0,0.0,4.0
Rec-G3_std_1,22,core,3355,344,316,0.9762,5.0,0.0,0.0,5.0
Rec-G3_std_1,22,core,3356,349,316,0.9778,5.0,0.0,0.0,5.0
Rec-G3_std_1,22,core,3357,354,316,0.9782,5.0,0.0,0.0,5.0
Rec-G3_std_1,22,core,3358,358,316,0.9787,4.0,0.0,0.0,4.0
Rec-G3_std_1,22,core,3359,361,316,0.983,3.0,0.0,0.0,3.0
Rec-G3_std_1,22,post,3360,361,316,0.9865,0.0,0.0,0.0,0.0
Rec-G3_std_1,22,post,3361,361,316,0.9872,0.0,0.0,0.0,0.0
Rec-G3_std_1,22,post,3362,359,316,0.9863,-2.0,0.0,180.0,2.0
Rec-G3_std_1,22,post,3363,355,316,0.986,-4.0,0.0,180.0,4.0
Rec-G3_std_1,22,post,3364,350,316,0.9867,-5.0,0.0,180.0,5.0
