specimen,layer_index,obs_index,frame_idx,frame_type,tip_x,tip_y,direction_deg,movement_px,confidence,roi_c0,roi_r0,roi_c1,roi_r1,roi_valid_frac,roi_complete,roi_mean_C,roi_max_C,roi_min_C,roi_std_C,roi_median_C,roi_pixels_raw
Rec-022_10s_1,1,1,2794,core,290,339,0.0,0.0,0.8873,293,334,297,335,1.0,True,88.1504,93.3608,85.2196,2.7908,87.3906,"93.36,91.73,90.10,89.56,88.48,86.31,85.76,85.76,85.22,85.22"
Rec-022_10s_1,1,2,2795,core,295,339,0.0,5.0,0.9033,298,334,302,335,1.0,True,90.3214,98.7882,85.2196,4.0412,89.5616,"98.79,95.53,92.28,90.10,88.48,90.65,89.02,87.39,85.76,85.22"
Rec-022_10s_1,1,3,2796,core,300,339,0.0,5.0,0.8988,303,334,307,335,1.0,True,88.3132,95.5318,84.1341,3.3196,87.662,"95.53,92.28,89.56,87.93,86.85,89.02,87.39,85.76,84.68,84.13"
Rec-022_10s_1,1,4,2797,core,309,339,0.0,9.0,0.8806,312,334,316,335,1.0,True,86.5222,93.3608,83.0486,3.0817,85.7624,"93.36,90.10,87.93,86.31,85.22,86.85,85.22,84.13,83.05,83.05"
Rec-022_10s_1,1,5,2798,core,313,339,0.0,4.0,0.8753,316,334,320,335,1.0,True,87.3363,94.4463,83.5914,3.2333,86.5765,"94.45,91.19,89.02,87.39,85.76,87.39,85.76,84.68,84.13,83.59"
Rec-022_10s_1,1,6,2799,core,322,339,0.0,9.0,0.8709,325,334,329,335,1.0,True,89.0188,95.5318,85.7624,2.9429,88.4761,"95.53,92.28,90.65,89.02,87.93,89.02,87.93,86.31,85.76,85.76"
Rec-022_10s_1,1,7,2800,core,327,339,0.0,5.0,0.8726,330,334,334,335,1.0,True,89.5616,93.3608,87.3906,2.0162,89.0188,"93.36,92.28,91.19,90.10,89.56,88.48,87.93,87.93,87.39,87.39"
Rec-022_10s_1,1,8,2801,core,332,339,0.0,5.0,0.8767,335,334,339,335,1.0,True,90.4842,94.4463,88.4761,1.8333,90.3757,"94.45,92.28,91.19,91.19,91.19,89.56,89.02,89.02,88.48,88.48"
Rec-022_10s_1,1,9,2802,core,336,339,0.0,4.0,0.8833,339,334,343,335,1.0,True,91.8954,96.6172,89.5616,2.3287,91.4612,"96.62,94.99,93.36,92.28,91.73,91.19,90.10,89.56,89.56,89.56"
Rec-022_10s_1,1,10,2803,core,345,339,0.0,9.0,0.8828,348,334,352,335,1.0,True,92.8723,98.2455,89.5616,2.5853,92.2753,"98.25,96.07,94.45,93.36,92.28,92.28,91.19,91.19,90.10,89.56"
Rec-022_10s_1,1,11,2804,core,349,339,0.0,4.0,0.8752,352,334,356,335,1.0,True,91.3526,98.7882,85.2196,3.8305,91.1898,"98.79,96.07,93.36,91.19,87.93,92.28,91.19,89.56,87.93,85.22"
Rec-022_10s_1,1,12,2805,core,354,339,0.0,5.0,0.8654,357,334,361,335,0.2,False,78.2725,85.7624,74.9074,3.3527,77.0784,"85.76,80.88,77.62,75.99,75.45,81.96,78.16,76.54,75.45,74.91"
Rec-022_10s_1,1,13,2806,core,355,338,45.0,1.41,0.8602,358,333,362,334,0.0,False,79.2494,88.4761,74.9074,4.0976,77.8925,"88.48,83.05,78.71,77.08,75.99,83.05,78.71,77.08,75.45,74.91"
Rec-022_10s_1,2,1,2942,core,291,339,0.0,1.0,0.8889,294,334,298,335,1.0,True,92.818,98.2455,89.5616,2.7781,92.2753,"98.25,96.62,94.45,93.36,93.36,91.19,90.65,90.65,90.10,89.56"
Rec-022_10s_1,2,2,2943,core,299,339,0.0,8.0,0.8963,302,334,306,335,1.0,True,94.392,103.1302,89.5616,4.0137,93.9035,"103.13,99.33,96.07,94.45,92.28,94.45,93.36,91.19,90.10,89.56"
Rec-022_10s_1,2,3,2944,core,304,339,0.0,5.0,0.8917,307,334,311,335,1.0,True,93.1437,100.9592,89.0188,3.5274,92.0039,"100.96,97.70,94.45,92.28,91.73,93.36,91.73,90.65,89.56,89.02"
Rec-022_10s_1,2,4,2945,core,308,339,0.0,4.0,0.8831,311,334,315,335,1.0,True,93.6864,102.0447,89.0188,3.8546,92.818,"102.04,98.25,95.53,93.36,91.73,94.45,92.28,90.65,89.56,89.02"
Rec-022_10s_1,2,5,2946,core,322,339,0.0,14.0,0.8654,325,334,329,335,1.0,True,93.0351,99.331,89.5616,3.0913,92.2753,"99.33,96.62,94.99,94.45,92.28,92.28,91.19,90.10,89.56,89.56"
Rec-022_10s_1,2,6,2947,core,327,339,0.0,5.0,0.8631,330,334,334,335,1.0,True,93.0894,98.2455,90.6471,2.3313,92.818,"98.25,95.53,94.45,93.36,93.36,92.28,91.19,91.19,90.65,90.65"
Rec-022_10s_1,2,7,2948,core,331,339,0.0,4.0,0.8629,334,334,338,335,1.0,True,94.3377,99.8737,91.1898,2.6456,93.9035,"99.87,97.70,95.53,94.99,94.45,93.36,92.28,92.28,91.73,91.19"
Rec-022_10s_1,2,8,2949,core,336,339,0.0,5.0,0.8637,339,334,343,335,1.0,True,94.8805,99.8737,92.2753,2.4004,94.7176,"99.87,97.70,96.07,95.53,94.99,94.45,93.36,92.28,92.28,92.28"
Rec-022_10s_1,2,9,2950,core,340,339,0.0,4.0,0.8645,343,334,347,335,1.0,True,95.7489,101.502,92.2753,2.65,95.2604,"101.50,98.79,97.16,96.07,95.53,94.99,94.45,93.36,93.36,92.28"
Rec-022_10s_1,2,10,2951,core,345,339,0.0,5.0,0.8648,348,334,352,335,1.0,True,95.3147,100.9592,91.7325,2.6389,94.989,"100.96,98.25,96.62,95.53,94.45,95.53,94.45,93.36,92.28,91.73"
Rec-022_10s_1,2,11,2952,core,349,339,0.0,4.0,0.8616,352,334,356,335,1.0,True,92.7638,100.4165,86.8478,3.8182,92.2753,"100.42,97.16,94.45,92.28,89.02,94.45,92.28,91.19,89.56,86.85"
Rec-022_10s_1,2,12,2953,core,354,339,0.0,5.0,0.8539,357,334,361,335,0.2,False,78.4896,86.3051,74.9074,3.6018,77.0784,"86.31,80.88,77.62,75.99,75.45,83.05,78.71,76.54,75.45,74.91"
Rec-022_10s_1,2,13,2954,core,355,338,45.0,1.41,0.8497,358,333,362,334,0.0,False,79.2494,88.4761,74.9074,4.0832,77.8925,"88.48,83.05,78.71,76.54,75.99,83.05,78.71,77.08,75.99,74.91"
Rec-022_10s_1,3,1,3075,core,290,339,0.0,0.0,0.8838,293,334,297,335,1.0,True,93.4151,98.2455,90.6471,2.5624,92.818,"98.25,96.62,94.99,94.45,94.45,91.19,91.19,90.65,91.19,91.19"
Rec-022_10s_1,3,2,3076,core,292,339,0.0,2.0,0.8946,295,334,299,335,1.0,True,96.2373,103.6729,92.2753,3.5594,95.2604,"103.67,100.96,98.25,96.62,94.99,95.53,94.45,93.36,92.28,92.28"
Rec-022_10s_1,3,3,3077,core,297,339,0.0,5.0,0.8992,300,334,304,335,1.0,True,95.6403,103.1302,91.7325,3.2456,94.989,"103.13,99.33,96.62,95.53,94.45,95.53,94.45,93.36,92.28,91.73"
Rec-022_10s_1,3,4,3078,core,301,339,0.0,4.0,0.8938,304,334,308,335,1.0,True,95.586,103.1302,91.1898,3.5128,94.989,"103.13,99.87,97.16,95.53,93.36,96.07,94.45,93.36,91.73,91.19"
Rec-022_10s_1,3,5,3079,core,306,339,0.0,5.0,0.8872,309,334,313,335,1.0,True,94.3377,100.4165,91.1898,2.776,93.3608,"100.42,97.70,95.53,93.36,93.36,94.99,93.36,92.28,91.19,91.19"
Rec-022_10s_1,3,6,3080,core,310,339,0.0,4.0,0.8809,313,334,317,335,1.0,True,94.8262,101.502,91.1898,3.0611,94.4463,"101.50,98.25,96.07,94.45,93.36,95.53,94.45,92.28,91.19,91.19"
Rec-022_10s_1,3,7,3081,core,315,339,0.0,5.0,0.8736,318,334,322,335,1.0,True,93.5236,99.331,90.1043,2.6595,92.818,"99.33,96.62,94.45,93.36,92.28,94.45,92.28,91.19,91.19,90.10"
Rec-022_10s_1,3,8,3082,core,319,339,0.0,4.0,0.8694,322,334,326,335,1.0,True,94.5005,100.4165,91.7325,2.7294,94.4463,"100.42,97.70,95.53,94.99,94.45,94.45,92.28,91.73,91.73,91.73"
Rec-022_10s_1,3,9,3083,core,324,339,0.0,5.0,0.8687,327,334,331,335,1.0,True,95.2061,100.9592,91.7325,2.6389,94.7176,"100.96,98.25,96.62,94.99,94.45,94.99,94.45,93.36,92.28,91.73"
Rec-022_10s_1,3,10,3084,core,328,339,0.0,4.0,0.8665,331,334,335,335,1.0,True,95.9117,101.502,93.3608,2.5113,95.5318,"101.50,98.79,97.16,96.07,95.53,95.53,94.45,93.36,93.36,93.36"
Rec-022_10s_1,3,11,3085,core,333,339,0.0,5.0,0.8696,336,334,340,335,1.0,True,96.563,101.502,94.4463,2.2305,96.0745,"101.50,99.33,97.70,96.62,96.07,96.07,94.99,94.45,94.45,94.45"
Rec-022_10s_1,3,12,3086,core,337,339,0.0,4.0,0.8693,340,334,344,335,1.0,True,97.9198,103.6729,94.989,2.7375,97.4314,"103.67,101.50,99.33,98.25,97.16,97.70,96.07,95.53,94.99,94.99"
Rec-022_10s_1,3,13,3087,core,342,339,0.0,5.0,0.8717,345,334,349,335,1.0,True,98.1912,103.1302,95.5318,2.4083,97.9741,"103.13,101.50,99.33,98.25,98.25,97.70,96.62,96.07,95.53,95.53"
Rec-022_10s_1,3,14,3088,core,346,339,0.0,4.0,0.8681,349,334,353,335,1.0,True,97.757,104.2157,93.3608,3.215,97.4314,"104.22,102.04,99.33,97.70,95.53,98.25,97.16,95.53,94.45,93.36"
Rec-022_10s_1,3,15,3089,core,351,339,0.0,5.0,0.8629,354,334,358,335,0.8,False,88.6389,99.8737,77.6212,7.3383,90.6471,"99.87,96.07,92.28,83.59,78.71,94.99,92.28,89.02,81.96,77.62"
Rec-022_10s_1,3,16,3090,core,355,338,14.04,4.12,0.8509,358,333,362,334,0.0,False,78.978,87.9333,74.9074,3.9976,77.3498,"87.93,82.51,78.16,76.54,75.45,83.05,78.71,76.54,75.99,74.91"
Rec-024_90s_1,1,1,4801,core,292,339,0.0,3.0,0.8944,295,334,299,335,1.0,True,82.126,90.6471,77.6212,4.0619,81.149,"90.65,87.39,84.13,83.05,80.88,81.42,79.79,78.71,77.62,77.62"
Rec-024_90s_1,1,2,4802,core,296,339,0.0,4.0,0.8998,299,334,303,335,1.0,True,82.4516,91.1898,77.0784,4.2836,81.9631,"91.19,87.93,84.68,83.05,81.42,82.51,80.33,78.71,77.62,77.08"
Rec-024_90s_1,1,3,4803,core,300,339,0.0,4.0,0.8926,303,334,307,335,1.0,True,82.8858,92.2753,77.0784,4.6818,82.2345,"92.28,89.02,85.76,83.05,81.42,83.05,80.88,78.71,77.62,77.08"
Rec-024_90s_1,1,4,4804,core,305,339,0.0,5.0,0.8868,308,334,312,335,1.0,True,81.5289,89.5616,76.5357,3.8745,80.8776,"89.56,86.31,84.13,81.42,80.33,81.42,79.79,78.16,77.62,76.54"
Rec-024_90s_1,1,5,4805,core,309,339,0.0,4.0,0.8797,312,334,316,335,1.0,True,82.3973,91.1898,77.0784,4.2997,81.6918,"91.19,87.93,84.68,83.05,80.88,82.51,80.33,78.71,77.62,77.08"
Rec-024_90s_1,1,6,4806,core,314,339,0.0,5.0,0.8794,317,334,321,335,1.0,True,81.8546,89.5616,77.6212,3.6795,81.4204,"89.56,86.31,84.13,81.96,80.88,81.96,79.79,78.71,77.62,77.62"
Rec-024_90s_1,1,7,4807,core,319,339,0.0,5.0,0.878,322,334,326,335,1.0,True,81.6918,87.9333,78.1639,2.9752,81.4204,"87.93,85.22,83.05,82.51,81.96,80.88,79.79,78.71,78.71,78.16"
Rec-024_90s_1,1,8,4808,core,323,339,0.0,4.0,0.8831,326,334,330,335,1.0,True,83.9713,90.6471,80.3349,3.2205,83.5914,"90.65,87.93,85.76,84.68,84.13,83.05,81.42,80.88,80.88,80.33"
Rec-024_90s_1,1,9,4809,core,328,339,0.0,5.0,0.8868,331,334,335,335,1.0,True,85.0568,91.1898,81.4204,3.0707,84.6769,"91.19,89.02,86.85,85.76,85.22,84.13,83.05,81.96,81.96,81.42"
Rec-024_90s_1,1,10,4810,core,332,339,0.0,4.0,0.8883,335,334,339,335,1.0,True,86.4137,92.2753,83.0486,3.1159,86.0337,"92.28,90.65,88.48,87.39,86.31,85.76,84.13,83.05,83.05,83.05"
Rec-024_90s_1,1,11,4811,core,337,339,0.0,5.0,0.8857,340,334,344,335,1.0,True,86.2508,91.7325,83.0486,2.8353,85.7624,"91.73,89.56,88.48,87.39,86.31,85.22,84.13,83.59,83.05,83.05"
Rec-024_90s_1,1,12,4812,core,341,339,0.0,4.0,0.8808,344,334,348,335,1.0,True,86.3594,92.2753,82.5059,3.1315,85.7624,"92.28,90.65,88.48,87.39,85.76,85.76,84.13,83.59,83.05,82.51"
Rec-024_90s_1,1,13,4813,core,346,339,0.0,5.0,0.8771,349,334,353,335,1.0,True,85.2196,91.1898,80.8776,2.9826,84.6769,"91.19,89.02,86.85,85.76,84.68,84.68,84.13,83.05,81.96,80.88"
Rec-024_90s_1,1,14,4814,core,350,339,0.0,4.0,0.8721,353,334,357,335,0.8,False,83.5371,91.7325,77.6212,4.2836,82.7773,"91.73,89.02,86.31,81.96,78.71,84.68,83.59,81.96,79.79,77.62"
Rec-024_90s_1,1,15,4815,core,354,339,0.0,4.0,0.8648,357,334,361,335,0.0,False,78.9238,85.2196,75.9929,2.7267,78.1639,"85.22,81.96,78.71,77.62,76.54,80.33,78.71,77.62,76.54,75.99"
Rec-024_90s_1,1,16,4816,core,354,338,90.0,1.0,0.8609,357,333,361,334,0.0,False,81.2033,91.1898,76.5357,4.3838,79.7922,"91.19,85.76,81.42,78.71,77.62,84.13,80.88,78.16,77.62,76.54"
Rec-024_90s_1,2,1,4943,core,289,339,0.0,0.0,0.8858,292,334,296,335,1.0,True,89.1816,94.989,85.2196,3.6895,88.2047,"94.99,94.99,92.28,90.65,89.56,86.85,86.31,85.76,85.22,85.22"
Rec-024_90s_1,2,2,4944,core,296,339,0.0,7.0,0.9002,299,334,303,335,1.0,True,89.8872,98.2455,84.6769,4.0412,89.2902,"98.25,94.99,92.28,90.10,89.02,89.56,87.93,86.31,85.76,84.68"
Rec-024_90s_1,2,3,4945,core,300,339,0.0,4.0,0.8952,303,334,307,335,1.0,True,90.1586,98.7882,84.6769,4.1791,89.5616,"98.79,95.53,92.28,90.65,89.02,90.10,87.93,86.85,85.76,84.68"
Rec-024_90s_1,2,4,4946,core,305,339,0.0,5.0,0.8857,308,334,312,335,1.0,True,89.0188,96.6172,84.1341,3.665,88.4761,"96.62,93.36,91.19,89.56,87.93,89.02,87.39,85.76,85.22,84.13"
Rec-024_90s_1,2,5,4947,core,309,339,0.0,4.0,0.88,312,334,316,335,1.0,True,89.2359,97.16,84.1341,3.9527,88.7475,"97.16,94.45,91.19,89.56,87.93,89.56,87.93,85.76,84.68,84.13"
Rec-024_90s_1,2,6,4948,core,314,339,0.0,5.0,0.8736,317,334,321,335,1.0,True,88.1504,94.4463,84.6769,2.9648,87.9333,"94.45,91.73,89.56,88.48,87.93,87.93,86.31,85.76,84.68,84.68"
Rec-024_90s_1,2,7,4949,core,318,339,0.0,4.0,0.8697,321,334,325,335,1.0,True,89.7244,96.0745,85.7624,3.3196,89.2902,"96.07,94.45,91.73,90.10,89.56,89.02,87.93,86.85,85.76,85.76"
Rec-024_90s_1,2,8,4950,core,323,339,0.0,5.0,0.8722,326,334,330,335,1.0,True,90.05,95.5318,86.3051,2.856,89.5616,"95.53,93.36,92.28,91.19,90.10,89.02,87.93,87.93,86.85,86.31"
Rec-024_90s_1,2,9,4951,core,327,339,0.0,4.0,0.8754,330,334,334,335,1.0,True,91.1355,98.2455,87.3906,3.4193,90.3757,"98.25,95.53,93.36,91.19,90.10,90.65,89.56,87.93,87.39,87.39"
Rec-024_90s_1,2,10,4952,core,332,339,0.0,5.0,0.8821,335,334,339,335,1.0,True,90.2129,96.0745,87.3906,2.6456,89.8329,"96.07,93.36,91.19,90.65,90.10,89.56,88.48,87.93,87.39,87.39"
Rec-024_90s_1,2,11,4953,core,336,339,0.0,4.0,0.8801,339,334,343,335,1.0,True,92.7095,97.16,90.1043,2.612,92.5467,"97.16,95.53,94.45,94.45,94.45,90.65,90.10,90.10,90.10,90.10"
Rec-024_90s_1,2,12,4954,core,341,339,0.0,5.0,0.8768,344,334,348,335,1.0,True,94.2292,100.4165,90.1043,3.2128,93.9035,"100.42,98.25,96.07,95.53,94.45,93.36,92.28,91.19,90.65,90.10"
Rec-024_90s_1,2,13,4955,core,345,339,0.0,4.0,0.8696,348,334,352,335,1.0,True,93.5779,100.9592,89.0188,3.6263,92.818,"100.96,98.25,95.53,94.45,92.28,93.36,91.73,90.65,89.56,89.02"
Rec-024_90s_1,2,14,4956,core,350,339,0.0,5.0,0.8611,353,334,357,335,0.8,False,87.1735,96.6172,78.7067,5.4986,87.3906,"96.62,93.36,90.65,85.22,79.79,90.10,88.48,86.31,82.51,78.71"
Rec-024_90s_1,2,15,4957,core,354,339,0.0,4.0,0.8527,357,334,361,335,0.0,False,79.2494,85.7624,75.9929,2.9727,78.1639,"85.76,81.96,78.71,77.62,76.54,81.96,79.79,77.62,76.54,75.99"
Rec-024_90s_1,2,16,4958,core,354,338,90.0,1.0,0.8491,357,333,361,334,0.0,False,81.6375,92.2753,76.5357,4.7203,80.0635,"92.28,85.76,81.42,78.71,77.62,85.76,81.96,78.71,77.62,76.54"
Rec-024_90s_1,3,1,5090,core,289,339,0.0,0.0,0.8861,292,334,296,335,1.0,True,92.9809,99.331,89.0188,3.6331,91.7325,"99.33,98.25,96.07,94.45,92.28,91.19,90.65,89.56,89.02,89.02"
Rec-024_90s_1,3,2,5091,core,293,339,0.0,4.0,0.8994,296,334,300,335,1.0,True,93.9578,102.0447,89.5616,3.8565,93.3608,"102.04,98.79,96.07,94.45,93.36,93.36,91.73,90.65,89.56,89.56"
Rec-024_90s_1,3,3,5092,core,297,339,0.0,4.0,0.8986,300,334,304,335,1.0,True,95.0433,104.2157,89.5616,4.419,94.1749,"104.22,100.42,97.70,95.53,93.36,94.99,93.36,91.19,90.10,89.56"
Rec-024_90s_1,3,4,5093,core,302,339,0.0,5.0,0.8931,305,334,309,335,1.0,True,93.1437,100.9592,88.4761,3.7304,92.0039,"100.96,98.25,94.99,92.28,91.73,93.36,91.73,90.10,89.56,88.48"
Rec-024_90s_1,3,5,5094,core,306,339,0.0,4.0,0.8853,309,334,313,335,1.0,True,93.6864,102.0447,88.4761,3.9898,92.818,"102.04,98.79,95.53,93.36,91.73,94.45,92.28,90.65,89.56,88.48"
Rec-024_90s_1,3,6,5095,core,311,339,0.0,5.0,0.88,314,334,318,335,1.0,True,92.2753,99.8737,87.9333,3.6246,91.4612,"99.87,97.16,94.45,91.73,91.19,91.73,90.65,89.56,88.48,87.93"
Rec-024_90s_1,3,7,5096,core,320,339,0.0,9.0,0.8722,323,334,327,335,1.0,True,93.0351,99.331,89.5616,2.9548,92.2753,"99.33,96.62,94.99,93.36,92.28,92.28,91.19,90.65,90.10,89.56"
Rec-024_90s_1,3,8,5097,core,325,339,0.0,5.0,0.8722,328,334,332,335,1.0,True,93.1437,98.7882,89.5616,2.7802,92.5467,"98.79,96.62,94.99,93.36,91.73,93.36,91.73,91.19,90.10,89.56"
Rec-024_90s_1,3,9,5098,core,334,339,0.0,9.0,0.8752,337,334,341,335,1.0,True,93.198,96.0745,91.1898,1.9576,93.0894,"96.07,95.53,94.45,94.45,94.99,91.19,91.19,91.19,91.19,91.73"
Rec-024_90s_1,3,10,5099,core,338,339,0.0,4.0,0.8764,341,334,345,335,1.0,True,96.3459,101.502,93.3608,2.7164,96.0745,"101.50,99.33,98.25,97.70,97.16,94.99,94.45,93.36,93.36,93.36"
Rec-024_90s_1,3,11,5100,core,351,339,0.0,13.0,0.866,354,334,358,335,0.6,False,88.259,102.0447,78.1639,7.9404,87.9333,"102.04,98.25,90.10,82.51,78.71,94.45,91.73,85.76,80.88,78.16"
Rec-024_90s_1,3,12,5101,core,354,339,0.0,3.0,0.8594,357,334,361,335,0.0,False,80.1178,87.9333,76.5357,3.477,78.978,"87.93,83.59,79.79,78.16,77.08,83.05,79.79,78.16,77.08,76.54"
Rec-025_30s_1,1,1,3158,core,289,339,0.0,0.0,0.8873,292,334,296,335,1.0,True,85.491,92.2753,80.8776,3.7934,84.6769,"92.28,91.19,88.48,85.76,84.68,84.68,83.59,82.51,80.88,80.88"
Rec-025_30s_1,1,2,3159,core,297,339,0.0,8.0,0.8999,300,334,304,335,1.0,True,85.2196,93.3608,80.3349,3.9213,84.4055,"93.36,90.10,87.39,85.22,83.59,85.76,83.59,81.96,80.88,80.33"
Rec-025_30s_1,1,3,3160,core,301,339,0.0,4.0,0.8923,304,334,308,335,1.0,True,85.6538,94.4463,80.3349,4.2515,84.9482,"94.45,91.19,87.93,85.76,83.59,85.76,84.13,82.51,80.88,80.33"
Rec-025_30s_1,1,4,3161,core,306,339,0.0,5.0,0.8874,309,334,313,335,1.0,True,84.4055,91.7325,79.7922,3.5362,83.5914,"91.73,89.02,86.31,84.13,83.05,84.68,83.05,81.42,80.88,79.79"
Rec-025_30s_1,1,5,3162,core,310,339,0.0,4.0,0.8821,313,334,317,335,1.0,True,85.1653,93.3608,80.3349,3.9021,84.4055,"93.36,90.10,87.39,84.68,84.13,85.22,83.59,81.96,80.88,80.33"
Rec-025_30s_1,1,6,3163,core,315,339,0.0,5.0,0.8807,318,334,322,335,1.0,True,84.4598,91.7325,80.3349,3.4685,83.5914,"91.73,89.02,86.31,84.13,83.05,84.68,83.05,81.42,80.88,80.33"
Rec-025_30s_1,1,7,3164,core,320,339,0.0,5.0,0.8766,323,334,327,335,1.0,True,84.4055,90.1043,81.4204,2.6947,84.1341,"90.10,87.93,85.76,84.13,84.13,84.13,83.05,81.96,81.42,81.42"
Rec-025_30s_1,1,8,3165,core,324,339,0.0,4.0,0.8786,327,334,331,335,1.0,True,86.1423,92.2753,83.0486,2.8724,85.7624,"92.28,89.56,87.93,86.31,85.76,85.76,84.13,83.59,83.05,83.05"
Rec-025_30s_1,1,9,3166,core,333,339,0.0,9.0,0.8845,336,334,340,335,1.0,True,88.1504,94.4463,84.6769,2.8431,87.9333,"94.45,91.19,89.56,88.48,87.93,87.93,86.31,85.76,85.22,84.68"
Rec-025_30s_1,1,10,3167,core,342,339,0.0,9.0,0.8788,345,334,349,335,1.0,True,86.5222,92.2753,83.0486,2.7908,85.7624,"92.28,90.10,87.93,85.76,85.22,87.39,85.76,84.13,83.59,83.05"
Rec-025_30s_1,1,11,3168,core,351,339,0.0,9.0,0.8696,354,334,358,335,0.8,False,82.6687,90.6471,77.0784,4.3828,82.7773,"90.65,87.93,84.13,79.79,77.62,85.76,84.13,81.42,78.16,77.08"
Rec-025_30s_1,1,12,3169,core,354,339,0.0,3.0,0.8643,357,334,361,335,0.2,False,79.6836,86.3051,76.5357,2.9708,78.978,"86.31,83.05,79.79,78.16,77.08,81.42,79.79,77.62,77.08,76.54"
Rec-025_30s_1,1,13,3170,core,354,338,90.0,1.0,0.8616,357,333,361,334,0.2,False,81.3661,91.1898,76.5357,4.3922,79.7922,"91.19,85.76,81.96,78.71,77.62,84.68,80.88,78.71,77.62,76.54"
Rec-025_30s_1,2,1,3307,core,289,339,180.0,1.0,0.8841,292,334,296,335,1.0,True,91.1898,96.6172,87.9333,3.3014,90.1043,"96.62,96.07,94.45,92.28,91.19,89.02,88.48,87.93,87.93,87.93"
Rec-025_30s_1,2,2,3308,core,292,339,0.0,3.0,0.8952,295,334,299,335,1.0,True,92.9809,100.9592,87.9333,3.9516,92.0039,"100.96,98.25,95.53,93.36,91.73,92.28,91.19,89.56,89.02,87.93"
Rec-025_30s_1,2,3,3309,core,297,339,0.0,5.0,0.9001,300,334,304,335,1.0,True,91.624,98.7882,87.3906,3.405,90.9184,"98.79,96.07,93.36,91.19,90.65,91.73,90.10,89.02,87.93,87.39"
Rec-025_30s_1,2,4,3310,core,301,339,0.0,4.0,0.8947,304,334,308,335,1.0,True,91.8954,99.8737,86.8478,3.8305,91.1898,"99.87,96.62,94.45,91.73,90.65,91.73,90.10,89.02,87.93,86.85"
Rec-025_30s_1,2,5,3311,core,310,339,0.0,9.0,0.8813,313,334,317,335,1.0,True,90.5928,97.7027,86.3051,3.402,90.1043,"97.70,94.99,92.28,90.65,89.56,90.65,89.02,87.93,86.85,86.31"
Rec-025_30s_1,2,6,3312,core,315,339,0.0,5.0,0.876,318,334,322,335,1.0,True,89.7787,95.5318,86.3051,2.7589,89.5616,"95.53,93.36,91.19,89.56,89.56,89.56,88.48,87.39,86.85,86.31"
Rec-025_30s_1,2,7,3313,core,324,339,0.0,9.0,0.8737,327,334,331,335,1.0,True,91.027,96.0745,87.9333,2.5347,90.9184,"96.07,94.45,92.28,91.19,91.19,90.65,89.56,89.02,87.93,87.93"
Rec-025_30s_1,2,8,3314,core,328,339,0.0,4.0,0.8747,331,334,335,335,1.0,True,92.6009,98.2455,89.5616,2.8013,92.0039,"98.25,96.07,94.45,93.36,92.28,91.73,91.19,89.56,89.56,89.56"
Rec-025_30s_1,2,9,3315,core,333,339,0.0,5.0,0.8773,336,334,340,335,1.0,True,92.9266,98.2455,90.1043,2.4966,92.818,"98.25,95.53,94.45,93.36,93.36,92.28,91.19,90.65,90.10,90.10"
Rec-025_30s_1,2,10,3316,core,337,339,0.0,4.0,0.8749,340,334,344,335,1.0,True,93.8493,99.8737,90.1043,2.9772,93.3608,"99.87,97.70,95.53,94.45,93.36,93.36,92.28,91.19,90.65,90.10"
Rec-025_30s_1,2,11,3317,core,342,339,0.0,5.0,0.8748,345,334,349,335,1.0,True,92.818,98.2455,89.5616,2.6142,92.818,"98.25,95.53,94.45,93.36,93.36,92.28,91.19,90.10,90.10,89.56"
Rec-025_30s_1,2,12,3318,core,346,339,0.0,4.0,0.8716,349,334,353,335,1.0,True,92.818,98.7882,88.4761,3.0413,92.2753,"98.79,96.62,94.99,93.36,92.28,92.28,91.19,90.65,89.56,88.48"
Rec-025_30s_1,2,13,3319,core,351,339,0.0,5.0,0.8654,354,334,358,335,0.8,False,85.6538,96.0745,77.6212,6.1968,85.7624,"96.07,93.36,87.39,80.88,78.16,90.65,88.48,84.13,79.79,77.62"
Rec-025_30s_1,2,14,3320,core,354,338,18.43,3.16,0.8557,357,333,361,334,0.2,False,81.8003,92.2753,76.5357,4.8182,80.3349,"92.28,86.31,81.96,78.71,77.62,86.31,81.96,78.71,77.62,76.54"
Rec-025_30s_1,3,1,3445,core,290,339,0.0,0.0,0.888,293,334,297,335,1.0,True,93.8493,99.331,91.1898,2.8144,93.3608,"99.33,97.70,95.53,94.45,94.45,92.28,91.19,91.19,91.19,91.19"
Rec-025_30s_1,3,2,3446,core,298,339,0.0,8.0,0.8982,301,334,305,335,1.0,True,96.1831,105.3012,91.1898,4.1816,94.989,"105.30,101.50,98.25,95.53,94.45,96.07,94.45,93.36,91.73,91.19"
Rec-025_30s_1,3,3,3447,core,303,339,0.0,5.0,0.8931,306,334,310,335,1.0,True,94.5548,102.0447,90.1043,3.4905,93.9035,"102.04,98.79,96.07,94.45,93.36,94.99,93.36,91.19,91.19,90.10"
Rec-025_30s_1,3,4,3448,core,307,339,0.0,4.0,0.8857,310,334,314,335,1.0,True,94.392,102.0447,90.1043,3.5957,93.9035,"102.04,98.79,96.07,94.45,92.28,94.99,93.36,91.19,90.65,90.10"
Rec-025_30s_1,3,5,3449,core,312,339,0.0,5.0,0.8804,315,334,319,335,1.0,True,92.818,99.331,89.5616,2.8924,92.2753,"99.33,96.07,94.45,92.28,92.28,92.28,91.73,90.65,89.56,89.56"
Rec-025_30s_1,3,6,3450,core,316,339,0.0,4.0,0.8738,319,334,323,335,1.0,True,93.5236,100.9592,89.5616,3.3549,92.818,"100.96,97.70,94.99,93.36,92.28,93.36,91.73,91.19,90.10,89.56"
Rec-025_30s_1,3,7,3451,core,321,339,0.0,5.0,0.8732,324,334,328,335,1.0,True,93.2522,98.7882,90.1043,2.6006,92.818,"98.79,96.62,94.45,93.36,92.28,93.36,91.73,91.19,90.65,90.10"
Rec-025_30s_1,3,8,3452,core,326,339,0.0,5.0,0.8706,329,334,333,335,1.0,True,93.6322,98.2455,91.1898,2.2279,93.3608,"98.25,96.07,94.99,94.45,93.36,93.36,92.28,91.19,91.19,91.19"
Rec-025_30s_1,3,9,3453,core,330,339,0.0,4.0,0.8735,333,334,337,335,1.0,True,95.0433,100.4165,92.2753,2.608,94.7176,"100.42,98.25,96.62,95.53,94.99,94.45,93.36,92.28,92.28,92.28"
Rec-025_30s_1,3,10,3454,core,335,339,0.0,5.0,0.8741,338,334,342,335,1.0,True,95.2604,99.8737,92.2753,2.2931,94.989,"99.87,98.25,96.62,95.53,95.53,94.45,93.36,93.36,93.36,92.28"
Rec-025_30s_1,3,11,3455,core,339,339,0.0,4.0,0.8753,342,334,346,335,1.0,True,96.2373,101.502,93.3608,2.5113,95.8031,"101.50,99.33,97.70,96.62,96.07,95.53,94.45,94.45,93.36,93.36"
Rec-025_30s_1,3,12,3456,core,348,339,0.0,9.0,0.8698,351,334,355,335,1.0,True,94.4463,101.502,89.5616,3.3633,93.9035,"101.50,98.25,96.07,94.45,92.28,95.53,93.36,92.28,91.19,89.56"
Rec-025_30s_1,3,13,3457,core,352,339,0.0,4.0,0.8598,355,334,359,335,0.6,False,84.8397,98.7882,77.6212,6.9082,82.5059,"98.79,91.19,83.59,79.79,77.62,92.28,87.39,81.42,78.71,77.62"
Rec-025_30s_1,3,14,3458,core,354,339,0.0,2.0,0.8524,357,334,361,335,0.2,False,80.2264,87.9333,76.5357,3.5241,78.978,"87.93,83.59,79.79,78.16,77.08,83.59,80.33,78.16,77.08,76.54"
Rec-026_60s_2,1,1,3974,core,290,339,0.0,0.0,0.8884,293,334,297,335,1.0,True,80.2806,86.8478,76.5357,3.1221,79.7922,"86.85,84.13,81.96,80.88,79.79,79.79,78.16,77.62,77.08,76.54"
Rec-026_60s_2,1,2,3975,core,293,339,0.0,3.0,0.8967,296,334,300,335,1.0,True,82.0174,90.1043,77.6212,3.8642,81.4204,"90.10,86.85,84.13,82.51,80.88,81.96,79.79,78.71,77.62,77.62"
Rec-026_60s_2,1,3,3976,core,298,339,0.0,5.0,0.8988,301,334,305,335,1.0,True,81.0405,88.4761,77.0784,3.4416,80.6063,"88.48,85.22,83.05,80.88,80.33,80.88,78.71,78.16,77.62,77.08"
Rec-026_60s_2,1,4,3977,core,302,339,0.0,4.0,0.8926,305,334,309,335,1.0,True,81.4747,89.5616,77.0784,3.7086,80.8776,"89.56,85.76,83.59,81.42,80.33,81.42,79.79,78.16,77.62,77.08"
Rec-026_60s_2,1,5,3978,core,307,339,0.0,5.0,0.8867,310,334,314,335,1.0,True,80.2806,86.8478,76.5357,3.0841,79.7922,"86.85,84.13,81.96,80.33,79.79,79.79,78.71,77.62,77.08,76.54"
Rec-026_60s_2,1,6,3979,core,311,339,0.0,4.0,0.8822,314,334,318,335,1.0,True,80.8776,87.9333,76.5357,3.4497,80.6063,"87.93,85.22,83.05,80.88,80.33,80.88,78.71,78.16,77.08,76.54"
Rec-026_60s_2,1,7,3980,core,316,339,0.0,5.0,0.88,319,334,323,335,1.0,True,80.3349,86.8478,76.5357,3.0894,79.7922,"86.85,84.13,81.96,80.88,79.79,79.79,78.71,77.62,77.08,76.54"
Rec-026_60s_2,1,8,3981,core,320,339,0.0,4.0,0.8778,323,334,327,335,1.0,True,81.0947,87.9333,77.0784,3.2673,80.6063,"87.93,85.22,83.05,80.88,80.33,80.88,79.79,78.16,77.62,77.08"
Rec-026_60s_2,1,9,3982,core,325,339,0.0,5.0,0.8828,328,334,332,335,1.0,True,81.2033,86.3051,78.1639,2.571,80.8776,"86.31,84.13,83.05,81.96,81.42,80.33,79.79,78.71,78.16,78.16"
Rec-026_60s_2,1,10,3983,core,330,339,0.0,5.0,0.8838,333,334,337,335,1.0,True,81.8546,86.3051,78.7067,2.3001,81.9631,"86.31,84.13,83.05,83.05,83.05,80.88,79.79,79.79,79.79,78.71"
Rec-026_60s_2,1,11,3984,core,339,339,0.0,9.0,0.88,342,334,346,335,1.0,True,83.6456,87.9333,80.8776,2.2568,83.32,"87.93,86.31,85.22,84.68,84.13,82.51,81.96,81.42,81.42,80.88"
Rec-026_60s_2,1,12,3985,core,352,339,0.0,13.0,0.8683,355,334,359,335,0.6,False,80.1721,89.0188,75.9929,4.0546,78.7067,"89.02,84.68,79.79,77.62,76.54,83.05,80.88,77.62,76.54,75.99"
Rec-026_60s_2,1,13,3986,core,355,338,18.43,3.16,0.8648,358,333,362,334,0.0,False,79.4665,87.9333,75.9929,3.7383,78.1639,"87.93,83.05,79.79,77.62,75.99,82.51,78.71,77.08,75.99,75.99"
Rec-026_60s_2,2,1,4109,core,290,339,0.0,0.0,0.8882,293,334,297,335,1.0,True,87.282,92.2753,84.1341,2.8596,86.5765,"92.28,91.19,89.56,88.48,87.93,85.22,84.68,84.68,84.68,84.13"
Rec-026_60s_2,2,2,4110,core,293,339,0.0,3.0,0.9006,296,334,300,335,1.0,True,89.453,96.0745,85.2196,3.482,88.7475,"96.07,94.45,91.73,90.10,89.02,88.48,87.39,86.31,85.76,85.22"
Rec-026_60s_2,2,3,4111,core,297,339,0.0,4.0,0.9015,300,334,304,335,1.0,True,89.7244,97.7027,84.6769,3.9442,89.0188,"97.70,94.99,92.28,89.56,88.48,89.56,87.93,86.31,85.76,84.68"
Rec-026_60s_2,2,4,4112,core,302,339,0.0,5.0,0.8958,305,334,309,335,1.0,True,88.0419,95.5318,84.1341,3.4395,87.662,"95.53,92.28,89.56,87.93,87.39,87.93,86.31,85.22,84.13,84.13"
Rec-026_60s_2,2,5,4113,core,306,339,0.0,4.0,0.8879,309,334,313,335,1.0,True,88.5303,96.0745,84.1341,3.6767,87.9333,"96.07,93.36,90.65,88.48,87.39,88.48,86.85,85.76,84.13,84.13"
Rec-026_60s_2,2,6,4114,core,311,339,0.0,5.0,0.8826,314,334,318,335,1.0,True,87.2278,93.3608,83.5914,2.9534,86.8478,"93.36,91.19,88.48,87.39,86.31,87.39,85.76,84.68,84.13,83.59"
Rec-026_60s_2,2,7,4115,core,316,339,0.0,5.0,0.8756,319,334,323,335,1.0,True,86.3594,91.7325,83.5914,2.5624,85.7624,"91.73,89.56,87.93,86.85,85.76,85.76,84.68,84.13,83.59,83.59"
Rec-026_60s_2,2,8,4116,core,320,339,0.0,4.0,0.8732,323,334,327,335,1.0,True,87.0107,92.2753,83.5914,2.5808,86.8478,"92.28,90.10,88.48,87.39,86.85,86.85,85.76,84.68,84.13,83.59"
Rec-026_60s_2,2,9,4117,core,325,339,0.0,5.0,0.8732,328,334,332,335,1.0,True,87.3363,91.7325,84.6769,2.204,87.1192,"91.73,90.10,88.48,87.93,87.93,86.31,85.76,85.22,85.22,84.68"
Rec-026_60s_2,2,10,4118,core,329,339,0.0,4.0,0.8762,332,334,336,335,1.0,True,88.6389,93.3608,85.7624,2.464,88.4761,"93.36,91.73,90.10,89.56,89.02,87.93,86.85,86.31,85.76,85.76"
Rec-026_60s_2,2,11,4119,core,334,339,0.0,5.0,0.878,337,334,341,335,1.0,True,89.0188,93.3608,86.3051,2.1979,88.7475,"93.36,91.19,90.65,90.10,89.56,87.93,87.39,86.85,86.85,86.31"
Rec-026_60s_2,2,12,4120,core,338,339,0.0,4.0,0.8766,341,334,345,335,1.0,True,90.2129,94.4463,87.3906,2.3881,90.1043,"94.45,93.36,91.73,91.19,91.19,89.02,87.93,87.93,87.93,87.39"
Rec-026_60s_2,2,13,4121,core,347,339,0.0,9.0,0.874,350,334,354,335,1.0,True,90.05,96.0745,85.7624,2.9172,89.5616,"96.07,93.36,91.73,90.65,89.56,89.56,89.02,87.93,86.85,85.76"
Rec-026_60s_2,2,14,4122,core,352,339,0.0,5.0,0.8643,355,334,359,335,0.6,False,81.8546,91.7325,75.9929,5.2442,80.3349,"91.73,87.93,80.88,78.16,75.99,86.85,84.13,79.79,77.08,75.99"
Rec-026_60s_2,2,15,4123,core,355,338,18.43,3.16,0.8608,358,333,362,334,0.0,False,79.7922,87.9333,75.9929,3.6408,78.7067,"87.93,83.05,79.79,77.62,76.54,83.05,79.79,77.62,76.54,75.99"
Rec-026_60s_2,2,16,4124,core,355,338,0.0,0.0,0.8571,358,333,362,334,0.0,False,78.6524,85.7624,75.9929,2.9474,77.6212,"85.76,80.88,78.16,77.08,75.99,80.88,78.71,77.08,75.99,75.99"
Rec-026_60s_2,3,1,4253,core,291,339,0.0,1.0,0.8918,294,334,298,335,1.0,True,91.0813,96.0745,88.4761,2.5084,90.6471,"96.07,94.45,92.28,91.73,91.73,89.56,89.02,89.02,88.48,88.48"
Rec-026_60s_2,3,2,4254,core,295,339,0.0,4.0,0.9039,298,334,302,335,1.0,True,92.4381,99.331,88.4761,3.2929,92.0039,"99.33,96.62,94.45,92.28,91.73,92.28,90.65,89.56,89.02,88.48"
Rec-026_60s_2,3,3,4255,core,299,339,0.0,4.0,0.8995,302,334,306,335,1.0,True,92.7638,100.4165,88.4761,3.6445,91.7325,"100.42,97.70,94.99,92.28,91.19,92.28,91.19,90.10,89.02,88.48"
Rec-026_60s_2,3,4,4256,core,313,339,0.0,14.0,0.8809,316,334,320,335,1.0,True,90.7013,96.6172,87.3906,2.7616,90.1043,"96.62,94.45,91.73,90.65,89.56,90.65,89.56,88.48,87.93,87.39"
Rec-026_60s_2,3,5,4257,core,317,339,0.0,4.0,0.8736,320,334,324,335,1.0,True,90.9727,97.7027,87.3906,3.0043,90.3757,"97.70,94.45,92.28,91.19,90.10,90.65,89.56,88.48,87.93,87.39"
Rec-026_60s_2,3,6,4258,core,327,339,0.0,10.0,0.8692,330,334,334,335,1.0,True,91.1355,95.5318,89.0188,2.0517,90.9184,"95.53,93.36,92.28,91.73,91.19,90.65,89.56,89.02,89.02,89.02"
Rec-026_60s_2,3,7,4259,core,331,339,0.0,4.0,0.8717,334,334,338,335,1.0,True,92.3838,97.16,89.5616,2.5201,91.7325,"97.16,95.53,94.45,93.36,92.28,91.19,90.65,90.10,89.56,89.56"
Rec-026_60s_2,3,8,4260,core,340,339,0.0,9.0,0.8737,343,334,347,335,1.0,True,94.0664,98.7882,91.1898,2.464,93.9035,"98.79,97.16,95.53,94.99,94.45,93.36,92.28,91.73,91.19,91.19"
Rec-026_60s_2,3,9,4261,core,345,339,0.0,5.0,0.8716,348,334,352,335,1.0,True,93.6864,98.2455,90.1043,2.4175,93.3608,"98.25,96.62,95.53,94.45,93.36,93.36,92.28,91.73,91.19,90.10"
Rec-026_60s_2,3,10,4262,core,349,339,0.0,4.0,0.8675,352,334,356,335,1.0,True,91.2984,98.2455,85.2196,3.6149,91.1898,"98.25,95.53,93.36,91.19,87.93,92.28,91.19,89.56,88.48,85.22"
Rec-026_60s_2,3,11,4263,core,353,338,14.04,4.12,0.8585,356,333,360,334,0.4,False,84.6226,101.502,76.5357,7.7726,81.9631,"101.50,90.65,83.59,79.79,77.62,93.36,85.22,80.33,77.62,76.54"
Rec-026_60s_2,3,12,4264,core,355,338,0.0,2.0,0.8563,358,333,362,334,0.0,False,79.7379,87.9333,75.9929,3.6927,78.7067,"87.93,83.05,79.79,77.62,75.99,83.05,79.79,77.62,76.54,75.99"
Rec-028_30s_2,1,1,3253,core,290,339,0.0,0.0,0.893,293,334,297,335,1.0,True,81.746,87.9333,78.1639,3.0913,81.149,"87.93,85.76,83.59,82.51,81.96,80.33,79.79,78.71,78.71,78.16"
Rec-028_30s_2,1,2,3254,core,296,339,0.0,6.0,0.9073,299,334,303,335,1.0,True,82.6687,90.1043,78.1639,3.6412,81.9631,"90.10,87.39,84.68,83.05,80.88,83.05,80.88,79.79,78.71,78.16"
Rec-028_30s_2,1,3,3255,core,300,339,0.0,4.0,0.9015,303,334,307,335,1.0,True,82.8858,91.1898,77.6212,4.0108,82.2345,"91.19,87.93,85.22,83.05,81.42,83.05,80.88,79.79,78.71,77.62"
Rec-028_30s_2,1,4,3256,core,305,339,0.0,5.0,0.8954,308,334,312,335,1.0,True,82.0717,89.5616,77.6212,3.6067,81.4204,"89.56,86.85,84.13,81.96,80.88,81.96,80.33,78.71,78.71,77.62"
Rec-028_30s_2,1,5,3257,core,309,339,0.0,4.0,0.8891,312,334,316,335,1.0,True,82.3973,89.5616,77.6212,3.5241,81.6918,"89.56,86.85,84.68,82.51,80.88,82.51,80.88,79.79,78.71,77.62"
Rec-028_30s_2,1,6,3258,core,314,339,0.0,5.0,0.8861,317,334,321,335,1.0,True,81.5832,87.9333,78.1639,3.0418,80.8776,"87.93,85.76,83.05,81.96,80.88,80.88,79.79,78.71,78.71,78.16"
Rec-028_30s_2,1,7,3259,core,319,339,0.0,5.0,0.8813,322,334,326,335,1.0,True,81.6918,86.8478,78.7067,2.5254,81.4204,"86.85,84.68,83.05,82.51,81.96,80.88,79.79,79.79,78.71,78.71"
Rec-028_30s_2,1,8,3260,core,323,339,0.0,4.0,0.8846,326,334,330,335,1.0,True,83.6999,89.5616,80.3349,2.8493,83.32,"89.56,87.39,85.22,84.13,83.59,83.05,81.96,80.88,80.88,80.33"
Rec-028_30s_2,1,9,3261,core,328,339,0.0,5.0,0.8872,331,334,335,335,1.0,True,84.1884,89.0188,81.4204,2.3589,83.5914,"89.02,86.85,85.76,85.22,84.13,83.05,82.51,81.96,81.96,81.42"
Rec-028_30s_2,1,10,3262,core,332,339,0.0,4.0,0.8903,335,334,339,335,1.0,True,85.9795,91.1898,83.0486,2.6277,85.491,"91.19,89.02,87.93,86.85,86.31,84.68,84.13,83.59,83.05,83.05"
Rec-028_30s_2,1,11,3263,core,337,339,0.0,5.0,0.8875,340,334,344,335,1.0,True,86.3051,91.1898,83.5914,2.4634,86.0337,"91.19,89.02,87.93,87.39,86.85,85.22,84.13,84.13,83.59,83.59"
Rec-028_30s_2,1,12,3264,core,341,339,0.0,4.0,0.8872,344,334,348,335,1.0,True,87.0649,92.2753,84.1341,2.6277,86.5765,"92.28,90.10,89.02,87.93,87.39,85.76,85.22,84.68,84.13,84.13"
Rec-028_30s_2,1,13,3265,core,346,339,0.0,5.0,0.8826,349,334,353,335,1.0,True,86.5222,91.1898,83.0486,2.4777,86.0337,"91.19,89.56,88.48,87.39,86.31,85.76,85.22,84.13,84.13,83.05"
Rec-028_30s_2,1,14,3266,core,350,339,0.0,4.0,0.879,353,334,357,335,1.0,True,84.4598,91.7325,77.6212,4.1134,84.1341,"91.73,89.56,87.39,84.13,79.79,85.76,84.13,83.05,81.42,77.62"
Rec-028_30s_2,1,15,3267,core,355,338,11.31,5.1,0.8683,358,333,362,334,0.0,False,79.0323,87.3906,74.9074,3.6747,77.8925,"87.39,83.05,78.71,77.08,75.99,81.42,78.71,77.08,75.99,74.91"
Rec-028_30s_2,2,1,3397,core,290,339,0.0,0.0,0.8908,293,334,297,335,1.0,True,88.259,93.3608,85.2196,2.8327,87.3906,"93.36,91.73,90.65,89.56,89.02,85.76,85.76,85.76,85.76,85.22"
Rec-028_30s_2,2,2,3398,core,292,339,0.0,2.0,0.8983,295,334,299,335,1.0,True,88.9645,94.989,85.2196,2.9573,88.4761,"94.99,92.28,91.19,89.56,89.02,87.93,87.39,86.31,85.76,85.22"
Rec-028_30s_2,2,3,3399,core,300,339,0.0,8.0,0.9029,303,334,307,335,1.0,True,89.6158,97.16,85.2196,3.6606,89.0188,"97.16,94.45,91.73,89.56,88.48,89.56,87.93,86.31,85.76,85.22"
Rec-028_30s_2,2,4,3400,core,305,339,0.0,5.0,0.8946,308,334,312,335,1.0,True,88.4218,95.5318,84.1341,3.2786,87.9333,"95.53,92.28,90.10,88.48,87.39,88.48,86.85,85.76,85.22,84.13"
Rec-028_30s_2,2,5,3401,core,309,339,0.0,4.0,0.888,312,334,316,335,1.0,True,88.6389,95.5318,84.1341,3.4502,87.9333,"95.53,93.36,90.65,88.48,87.39,89.02,86.85,85.76,85.22,84.13"
Rec-028_30s_2,2,6,3402,core,314,339,0.0,5.0,0.8819,317,334,321,335,1.0,True,88.0419,93.3608,84.6769,2.612,87.9333,"93.36,91.19,89.56,88.48,87.93,87.93,86.31,85.76,85.22,84.68"
Rec-028_30s_2,2,7,3403,core,318,339,0.0,4.0,0.8779,321,334,325,335,1.0,True,89.2902,95.5318,85.7624,3.0917,88.7475,"95.53,93.36,91.19,89.56,88.48,89.02,87.93,86.31,85.76,85.76"
Rec-028_30s_2,2,8,3404,core,323,339,0.0,5.0,0.8785,326,334,330,335,1.0,True,88.856,94.4463,85.7624,2.7034,88.4761,"94.45,92.28,90.10,89.56,88.48,88.48,87.39,86.31,85.76,85.76"
Rec-028_30s_2,2,9,3405,core,327,339,0.0,4.0,0.8783,330,334,334,335,1.0,True,90.1043,95.5318,86.8478,2.681,89.8329,"95.53,93.36,91.73,90.65,90.10,89.56,88.48,87.93,86.85,86.85"
Rec-028_30s_2,2,10,3406,core,332,339,0.0,5.0,0.8813,335,334,339,335,1.0,True,90.6471,95.5318,87.9333,2.4028,90.3757,"95.53,93.36,92.28,91.19,91.19,89.56,89.02,88.48,87.93,87.93"
Rec-028_30s_2,2,11,3407,core,337,339,0.0,5.0,0.879,340,334,344,335,1.0,True,90.9184,95.5318,88.4761,2.2146,90.3757,"95.53,93.36,92.28,91.73,91.19,89.56,89.56,89.02,88.48,88.48"
Rec-028_30s_2,2,12,3408,core,341,339,0.0,4.0,0.8804,344,334,348,335,1.0,True,91.8954,96.6172,89.0188,2.3912,91.7325,"96.62,94.99,93.36,92.28,92.28,91.19,90.10,89.56,89.56,89.02"
Rec-028_30s_2,2,13,3409,core,345,339,0.0,4.0,0.8779,348,334,352,335,1.0,True,92.1125,98.2455,87.9333,3.0126,91.7325,"98.25,95.53,94.45,92.28,91.73,91.73,90.65,89.56,89.02,87.93"
Rec-028_30s_2,2,14,3410,core,350,339,0.0,5.0,0.8728,353,334,357,335,1.0,True,87.7162,95.5318,79.7922,4.7823,88.2047,"95.53,93.36,90.65,87.93,80.88,89.56,88.48,86.85,84.13,79.79"
Rec-028_30s_2,2,15,3411,core,354,338,14.04,4.12,0.8665,357,333,361,334,0.2,False,81.8546,93.3608,75.9929,5.2666,80.3349,"93.36,86.31,82.51,78.71,77.08,86.85,81.96,78.71,77.08,75.99"
Rec-028_30s_2,2,16,3412,core,355,338,0.0,1.0,0.8621,358,333,362,334,0.0,False,79.4665,87.9333,75.4502,3.7618,78.1639,"87.93,83.05,79.79,77.62,75.99,82.51,78.71,77.62,75.99,75.45"
Rec-028_30s_2,3,1,3540,core,290,339,0.0,0.0,0.8873,293,334,297,335,1.0,True,90.5385,95.5318,87.9333,2.7007,89.8329,"95.53,94.45,92.28,91.19,91.19,87.93,87.93,87.93,88.48,88.48"
Rec-028_30s_2,3,2,3541,core,293,339,0.0,3.0,0.9002,296,334,300,335,1.0,True,92.9809,99.331,89.5616,3.1277,92.2753,"99.33,97.16,94.99,93.36,92.28,92.28,91.19,90.10,89.56,89.56"
Rec-028_30s_2,3,3,3542,core,297,339,0.0,4.0,0.9014,300,334,304,335,1.0,True,93.9035,102.0447,89.5616,3.8455,92.818,"102.04,98.79,96.07,94.45,92.28,93.36,91.73,91.19,89.56,89.56"
Rec-028_30s_2,3,4,3543,core,302,339,0.0,5.0,0.8965,305,334,309,335,1.0,True,92.4381,99.331,88.4761,3.1652,91.7325,"99.33,96.07,94.45,92.28,91.19,92.28,91.19,89.56,89.56,88.48"
Rec-028_30s_2,3,5,3544,core,306,339,0.0,4.0,0.8881,309,334,313,335,1.0,True,92.4924,99.331,88.4761,3.231,91.7325,"99.33,96.62,94.45,92.28,91.19,92.28,91.19,89.56,89.56,88.48"
Rec-028_30s_2,3,6,3545,core,311,339,0.0,5.0,0.882,314,334,318,335,1.0,True,91.4069,97.7027,87.9333,2.8223,90.9184,"97.70,94.99,92.28,91.19,90.65,91.19,90.10,89.56,88.48,87.93"
Rec-028_30s_2,3,7,3546,core,316,339,0.0,5.0,0.8733,319,334,323,335,1.0,True,91.1898,96.0745,88.4761,2.3154,90.6471,"96.07,94.45,92.28,91.19,90.65,90.65,89.56,89.56,89.02,88.48"
Rec-028_30s_2,3,8,3547,core,325,339,0.0,9.0,0.8682,328,334,332,335,1.0,True,92.0039,96.6172,89.5616,2.2931,91.7325,"96.62,94.99,93.36,92.28,92.28,91.19,90.65,89.56,89.56,89.56"
Rec-028_30s_2,3,9,3548,core,334,339,0.0,9.0,0.8723,337,334,341,335,1.0,True,93.8493,98.2455,91.1898,2.2173,93.9035,"98.25,96.07,95.53,94.45,94.45,93.36,92.28,91.73,91.19,91.19"
Rec-028_30s_2,3,10,3549,core,338,339,0.0,4.0,0.8756,341,334,345,335,1.0,True,94.989,99.8737,92.2753,2.4753,94.989,"99.87,98.25,96.07,95.53,95.53,94.45,93.36,92.28,92.28,92.28"
Rec-028_30s_2,3,11,3550,core,347,339,0.0,9.0,0.8699,350,334,354,335,1.0,True,94.0121,99.8737,89.5616,2.9509,93.9035,"99.87,97.70,95.53,94.45,92.28,94.45,93.36,91.73,91.19,89.56"
Rec-028_30s_2,3,12,3551,core,352,339,0.0,5.0,0.8617,355,334,359,335,0.6,False,83.8085,95.5318,75.9929,6.6215,82.2345,"95.53,91.19,83.59,78.71,76.54,90.65,87.39,80.88,77.62,75.99"
Rec-028_30s_2,3,13,3552,core,355,338,18.43,3.16,0.8582,358,333,362,334,0.0,False,79.8464,89.0188,75.4502,4.1366,78.7067,"89.02,83.59,79.79,77.62,75.99,83.59,79.79,77.62,75.99,75.45"
Rec-029_10s_2,1,1,2703,core,290,339,0.0,0.0,0.8892,293,334,297,335,1.0,True,88.1504,93.3608,85.7624,2.5248,87.662,"93.36,91.19,89.56,89.02,88.48,86.85,85.76,85.76,85.76,85.76"
Rec-029_10s_2,1,2,2704,core,293,339,0.0,3.0,0.8992,296,334,300,335,1.0,True,89.2359,94.989,85.7624,2.6611,88.7475,"94.99,92.28,90.65,89.56,88.48,89.02,87.93,87.39,86.31,85.76"
Rec-029_10s_2,1,3,2705,core,297,339,0.0,4.0,0.9038,300,334,304,335,1.0,True,89.3987,96.6172,85.2196,3.3373,88.7475,"96.62,93.36,91.19,89.02,87.93,89.56,88.48,86.85,85.76,85.22"
Rec-029_10s_2,1,4,2706,core,301,339,0.0,4.0,0.8961,304,334,308,335,1.0,True,88.9645,96.6172,84.1341,3.6526,88.2047,"96.62,93.36,91.19,88.48,86.85,89.56,87.93,86.31,85.22,84.13"
Rec-029_10s_2,1,5,2707,core,310,339,0.0,9.0,0.8807,313,334,317,335,1.0,True,85.5995,91.7325,82.5059,2.8622,84.6769,"91.73,89.56,86.85,85.22,84.13,85.76,84.13,83.05,83.05,82.51"
Rec-029_10s_2,1,6,2708,core,320,339,0.0,10.0,0.8734,323,334,327,335,1.0,True,86.2508,90.6471,84.1341,1.9637,85.7624,"90.65,88.48,87.39,86.31,85.76,85.76,85.22,84.68,84.13,84.13"
Rec-029_10s_2,1,7,2709,core,324,339,0.0,4.0,0.8747,327,334,331,335,1.0,True,88.1504,92.2753,85.7624,2.0481,87.9333,"92.28,90.65,89.56,88.48,87.93,87.93,86.85,86.31,85.76,85.76"
Rec-029_10s_2,1,8,2710,core,329,339,0.0,5.0,0.8773,332,334,336,335,1.0,True,89.5616,93.3608,87.9333,1.6991,89.5616,"93.36,91.19,90.10,90.10,90.10,89.02,87.93,87.93,87.93,87.93"
Rec-029_10s_2,1,9,2711,core,333,339,0.0,4.0,0.8806,336,334,340,335,1.0,True,91.1898,95.5318,89.0188,2.0015,90.9184,"95.53,93.36,92.28,91.73,91.19,90.65,89.56,89.56,89.02,89.02"
Rec-029_10s_2,1,10,2712,core,338,339,0.0,5.0,0.8815,341,334,345,335,1.0,True,91.8954,95.5318,89.5616,1.9425,91.7325,"95.53,94.45,93.36,92.28,92.28,91.19,90.10,90.10,90.10,89.56"
Rec-029_10s_2,1,11,2713,core,342,339,0.0,4.0,0.8815,345,334,349,335,1.0,True,92.8723,97.16,90.1043,2.2173,92.818,"97.16,95.53,94.45,93.36,93.36,92.28,91.19,90.65,90.65,90.10"
Rec-029_10s_2,1,12,2714,core,347,339,0.0,5.0,0.8781,350,334,354,335,1.0,True,92.0582,97.16,88.4761,2.5364,91.4612,"97.16,95.53,93.36,92.28,91.19,91.73,91.19,90.10,89.56,88.48"
Rec-029_10s_2,1,13,2715,core,351,339,0.0,4.0,0.8713,354,334,358,335,0.8,False,86.6308,96.0745,78.1639,5.8264,87.662,"96.07,93.36,89.56,83.05,78.71,90.65,89.02,86.31,81.42,78.16"
Rec-029_10s_2,1,14,2716,core,355,338,14.04,4.12,0.865,358,333,362,334,0.0,False,80.3349,89.5616,75.9929,4.0615,78.978,"89.56,84.13,80.33,77.62,77.08,83.59,80.33,77.62,77.08,75.99"
Rec-029_10s_2,2,1,2847,core,290,339,-90.0,1.0,0.875,293,334,297,335,1.0,True,90.2671,93.3608,87.9333,2.0603,90.1043,"93.36,92.28,92.28,91.73,91.73,87.93,87.93,88.48,88.48,88.48"
Rec-029_10s_2,2,2,2848,core,301,339,0.0,11.0,0.8968,304,334,308,335,1.0,True,94.1206,102.0447,89.5616,3.6344,93.3608,"102.04,98.25,96.07,94.45,92.28,94.45,92.28,91.19,90.65,89.56"
Rec-029_10s_2,2,3,2849,core,306,339,0.0,5.0,0.8907,309,334,313,335,1.0,True,91.8411,98.2455,87.9333,2.9807,90.9184,"98.25,95.53,93.36,91.19,90.65,92.28,90.65,89.56,89.02,87.93"
Rec-029_10s_2,2,4,2850,core,310,339,0.0,4.0,0.8821,313,334,317,335,1.0,True,91.7868,98.2455,87.9333,3.036,91.4612,"98.25,95.53,93.36,91.73,91.19,91.73,90.10,89.56,88.48,87.93"
Rec-029_10s_2,2,5,2851,core,315,339,0.0,5.0,0.8766,318,334,322,335,1.0,True,91.4069,96.6172,88.4761,2.3807,91.1898,"96.62,94.45,92.28,91.19,91.19,91.19,90.10,89.56,89.02,88.48"
Rec-029_10s_2,2,6,2852,core,320,339,0.0,5.0,0.8706,323,334,327,335,1.0,True,91.5697,96.0745,89.5616,2.0887,91.1898,"96.07,94.45,92.28,91.73,91.19,91.19,90.10,89.56,89.56,89.56"
Rec-029_10s_2,2,7,2853,core,324,339,0.0,4.0,0.8702,327,334,331,335,1.0,True,92.7638,97.7027,90.1043,2.3838,92.2753,"97.70,95.53,94.45,93.36,92.28,92.28,91.19,90.65,90.10,90.10"
Rec-029_10s_2,2,8,2854,core,329,339,0.0,5.0,0.8679,332,334,336,335,1.0,True,92.9809,97.7027,90.6471,2.1852,92.2753,"97.70,95.53,94.45,93.36,92.28,92.28,91.73,91.19,90.65,90.65"
Rec-029_10s_2,2,9,2855,core,333,339,0.0,4.0,0.8702,336,334,340,335,1.0,True,93.8493,98.2455,91.1898,2.1223,93.9035,"98.25,96.07,94.99,94.45,94.45,93.36,92.28,91.73,91.73,91.19"
Rec-029_10s_2,2,10,2856,core,338,339,0.0,5.0,0.8719,341,334,345,335,1.0,True,94.6634,98.2455,92.2753,2.0045,94.989,"98.25,97.16,95.53,95.53,95.53,94.45,93.36,92.28,92.28,92.28"
Rec-029_10s_2,2,11,2857,core,342,339,0.0,4.0,0.8735,345,334,349,335,1.0,True,96.1288,100.9592,93.3608,2.3338,95.8031,"100.96,98.79,97.70,96.62,96.07,95.53,94.45,94.45,93.36,93.36"
Rec-029_10s_2,2,12,2858,core,347,339,0.0,5.0,0.8702,350,334,354,335,1.0,True,95.0976,99.8737,91.1898,2.4966,94.7176,"99.87,98.25,96.62,95.53,94.45,94.99,94.45,93.36,92.28,91.19"
Rec-029_10s_2,2,13,2859,core,351,339,0.0,4.0,0.8645,354,334,358,335,0.8,False,88.5303,98.7882,78.7067,6.4239,89.8329,"98.79,95.53,91.73,84.68,79.79,93.36,91.19,88.48,83.05,78.71"
Rec-029_10s_2,2,14,2860,core,355,338,14.04,4.12,0.8579,358,333,362,334,0.0,False,80.4977,89.5616,75.9929,4.0401,79.2494,"89.56,84.13,80.33,78.16,77.08,84.13,80.33,78.16,77.08,75.99"
Rec-029_10s_2,3,1,2984,core,290,339,0.0,0.0,0.8821,293,334,297,335,1.0,True,92.8723,96.6172,90.6471,2.1635,92.2753,"96.62,95.53,94.45,94.45,93.36,90.65,90.65,90.65,91.19,91.19"
Rec-029_10s_2,3,2,2985,core,299,339,0.0,9.0,0.8996,302,334,306,335,1.0,True,95.4775,102.0447,91.7325,2.9374,94.989,"102.04,98.79,96.62,95.53,94.45,95.53,94.45,93.36,92.28,91.73"
Rec-029_10s_2,3,3,2986,core,303,339,0.0,4.0,0.8942,306,334,310,335,1.0,True,95.5318,102.0447,91.1898,3.0989,94.989,"102.04,99.33,97.16,95.53,94.45,95.53,94.45,93.36,92.28,91.19"
Rec-029_10s_2,3,4,2987,core,312,339,0.0,9.0,0.8796,315,334,319,335,1.0,True,94.4463,100.4165,91.1898,2.6919,93.9035,"100.42,97.70,95.53,94.45,93.36,94.45,93.36,92.28,91.73,91.19"
Rec-029_10s_2,3,5,2988,core,317,339,0.0,5.0,0.8724,320,334,324,335,1.0,True,93.5779,98.2455,91.1898,2.1601,93.3608,"98.25,96.07,94.99,93.36,93.36,93.36,92.28,91.73,91.19,91.19"
Rec-029_10s_2,3,6,2989,core,326,339,0.0,9.0,0.8671,329,334,333,335,1.0,True,95.5318,99.8737,93.3608,2.0738,95.2604,"99.87,98.25,96.62,95.53,95.53,94.99,94.45,93.36,93.36,93.36"
Rec-029_10s_2,3,7,2990,core,335,339,0.0,9.0,0.8682,338,334,342,335,1.0,True,97.0515,101.502,94.4463,2.1546,96.3459,"101.50,99.87,98.25,97.70,96.62,96.07,95.53,95.53,94.99,94.45"
Rec-029_10s_2,3,8,2991,core,339,339,0.0,4.0,0.8688,342,334,346,335,1.0,True,97.9741,103.1302,95.5318,2.4059,97.4314,"103.13,100.96,99.33,98.25,97.70,97.16,96.62,95.53,95.53,95.53"
Rec-029_10s_2,3,9,2992,core,344,339,0.0,5.0,0.8698,347,334,351,335,1.0,True,97.4314,102.0447,94.4463,2.3186,96.8886,"102.04,100.42,98.79,98.25,96.62,97.16,96.07,95.53,94.99,94.45"
Rec-029_10s_2,3,10,2993,core,348,339,0.0,4.0,0.8653,351,334,355,335,1.0,True,95.9117,102.0447,91.1898,3.2022,95.5318,"102.04,99.87,97.70,95.53,93.36,97.16,95.53,94.45,92.28,91.19"
Rec-029_10s_2,3,11,2994,core,353,338,11.31,5.1,0.8588,356,333,360,334,0.4,False,85.2196,102.0447,77.0784,8.0904,81.9631,"102.04,91.19,83.05,79.79,77.62,95.53,86.85,80.88,78.16,77.08"
Rec-029_10s_2,3,12,2995,core,355,338,0.0,2.0,0.8549,358,333,362,334,0.0,False,80.7691,89.5616,75.9929,4.1106,79.7922,"89.56,84.68,80.88,78.16,77.08,84.68,80.88,78.71,77.08,75.99"
Rec-030_90s_2,1,1,4767,core,291,339,0.0,1.0,0.8918,294,334,298,335,1.0,True,80.4435,87.3906,76.5357,3.3351,79.7922,"87.39,84.68,82.51,80.88,79.79,79.79,78.16,77.62,77.08,76.54"
Rec-030_90s_2,1,2,4768,core,295,339,0.0,4.0,0.9004,298,334,302,335,1.0,True,80.552,89.0188,75.4502,4.0919,79.5208,"89.02,85.76,83.05,80.33,78.71,80.88,78.71,77.62,75.99,75.45"
Rec-030_90s_2,1,3,4769,core,299,339,0.0,4.0,0.8955,302,334,306,335,1.0,True,80.6605,89.5616,75.4502,4.2055,79.7922,"89.56,85.76,83.05,80.88,78.71,80.88,78.71,77.62,75.99,75.45"
Rec-030_90s_2,1,4,4770,core,304,339,0.0,5.0,0.8901,307,334,311,335,1.0,True,79.7379,87.3906,75.4502,3.6202,79.2494,"87.39,84.13,81.96,79.79,78.71,79.79,77.62,76.54,75.99,75.45"
Rec-030_90s_2,1,5,4771,core,308,339,0.0,4.0,0.8822,311,334,315,335,1.0,True,80.1721,87.9333,75.4502,3.9142,79.5208,"87.93,85.22,83.05,80.33,78.71,80.33,78.16,76.54,75.99,75.45"
Rec-030_90s_2,1,6,4772,core,313,339,0.0,5.0,0.8804,316,334,320,335,1.0,True,79.4665,86.3051,75.9929,3.2401,78.7067,"86.31,83.59,81.42,79.79,78.71,78.71,77.62,76.54,75.99,75.99"
Rec-030_90s_2,1,7,4773,core,318,339,0.0,5.0,0.8763,321,334,325,335,1.0,True,79.5751,85.2196,76.5357,2.6832,79.2494,"85.22,83.05,80.88,79.79,79.79,78.71,77.62,77.08,77.08,76.54"
Rec-030_90s_2,1,8,4774,core,322,339,0.0,4.0,0.8787,325,334,329,335,1.0,True,80.9319,86.8478,77.6212,2.9772,80.6063,"86.85,84.68,83.05,81.42,80.88,80.33,78.71,78.16,77.62,77.62"
Rec-030_90s_2,1,9,4775,core,327,339,0.0,5.0,0.8825,330,334,334,335,1.0,True,81.4747,86.3051,78.7067,2.4568,81.4204,"86.31,84.13,83.05,82.51,81.96,80.88,79.79,78.71,78.71,78.71"
Rec-030_90s_2,1,10,4776,core,331,339,0.0,4.0,0.8847,334,334,338,335,1.0,True,82.9401,88.4761,79.7922,2.7971,82.5059,"88.48,86.31,84.68,84.13,83.05,81.96,80.88,80.33,79.79,79.79"
Rec-030_90s_2,1,11,4777,core,336,339,0.0,5.0,0.8833,339,334,343,335,1.0,True,83.3743,87.9333,80.3349,2.4538,83.32,"87.93,86.31,85.22,84.13,84.13,82.51,81.42,80.88,80.88,80.33"
Rec-030_90s_2,1,12,4778,core,340,339,0.0,4.0,0.8813,343,334,347,335,1.0,True,84.2969,89.5616,80.8776,2.8102,83.8627,"89.56,87.93,86.31,85.22,84.68,83.05,82.51,81.42,81.42,80.88"
Rec-030_90s_2,1,13,4779,core,345,339,0.0,5.0,0.8793,348,334,352,335,1.0,True,84.0256,89.0188,80.8776,2.5893,83.5914,"89.02,87.39,85.76,84.68,84.13,83.05,82.51,81.96,80.88,80.88"
Rec-030_90s_2,1,14,4780,core,349,339,0.0,4.0,0.8767,352,334,356,335,1.0,True,83.8627,90.1043,78.7067,3.204,83.5914,"90.10,87.93,85.76,84.13,81.96,84.13,83.05,81.96,80.88,78.71"
Rec-030_90s_2,1,15,4781,core,354,339,0.0,5.0,0.8674,357,334,361,335,0.0,False,77.784,83.0486,75.9929,2.1306,77.0784,"83.05,79.79,77.62,76.54,75.99,78.71,77.62,76.54,75.99,75.99"
Rec-030_90s_2,1,16,4782,core,355,338,45.0,1.41,0.8647,358,333,362,334,0.0,False,79.1951,86.8478,75.9929,3.2605,78.1639,"86.85,82.51,78.71,77.62,76.54,81.42,78.71,77.08,76.54,75.99"
Rec-030_90s_2,2,1,4911,core,290,339,0.0,0.0,0.8871,293,334,297,335,1.0,True,87.5534,92.2753,84.1341,3.0028,87.1192,"92.28,91.19,90.10,89.56,89.02,85.22,84.68,84.68,84.68,84.13"
Rec-030_90s_2,2,2,4912,core,295,339,0.0,5.0,0.9011,298,334,302,335,1.0,True,88.259,95.5318,84.1341,3.4171,87.9333,"95.53,92.28,90.10,88.48,87.93,87.93,86.31,85.76,84.13,84.13"
Rec-030_90s_2,2,3,4913,core,299,339,0.0,4.0,0.8996,302,334,306,335,1.0,True,87.7705,95.5318,83.5914,3.6493,87.3906,"95.53,92.28,89.56,87.93,86.85,87.93,85.76,84.68,83.59,83.59"
Rec-030_90s_2,2,4,4914,core,303,339,0.0,4.0,0.8914,306,334,310,335,1.0,True,88.4761,96.0745,84.1341,3.7445,87.9333,"96.07,93.36,90.65,89.02,87.93,87.93,86.31,85.22,84.13,84.13"
Rec-030_90s_2,2,5,4915,core,308,339,0.0,5.0,0.8834,311,334,315,335,1.0,True,87.3363,94.4463,83.0486,3.3759,87.1192,"94.45,91.19,89.02,87.93,86.85,87.39,85.76,84.13,83.59,83.05"
Rec-030_90s_2,2,6,4916,core,312,339,0.0,4.0,0.8775,315,334,319,335,1.0,True,87.9876,95.5318,83.5914,3.5792,87.662,"95.53,92.28,90.10,87.93,87.39,87.93,86.31,84.68,84.13,83.59"
Rec-030_90s_2,2,7,4917,core,317,339,0.0,5.0,0.8744,320,334,324,335,1.0,True,87.1735,93.3608,83.5914,2.9945,86.8478,"93.36,90.65,89.02,87.93,86.85,86.85,85.22,84.13,84.13,83.59"
Rec-030_90s_2,2,8,4918,core,326,339,0.0,9.0,0.8762,329,334,333,335,1.0,True,88.8017,94.4463,85.7624,2.8842,88.7475,"94.45,92.28,90.65,89.56,89.56,87.93,86.31,85.76,85.76,85.76"
Rec-030_90s_2,2,9,4919,core,335,339,0.0,9.0,0.8793,338,334,342,335,1.0,True,90.1586,95.5318,86.8478,2.6968,89.8329,"95.53,93.36,91.73,91.19,90.65,89.02,87.93,87.93,87.39,86.85"
Rec-030_90s_2,2,10,4920,core,340,339,0.0,5.0,0.8768,343,334,347,335,1.0,True,90.43,95.5318,87.3906,2.5825,90.1043,"95.53,93.36,92.28,91.19,91.19,89.02,88.48,87.93,87.93,87.39"
Rec-030_90s_2,2,11,4921,core,344,339,0.0,4.0,0.875,347,334,351,335,1.0,True,90.647,96.0745,87.3906,2.7568,90.1043,"96.07,94.45,92.28,91.19,90.65,89.56,89.02,87.93,87.93,87.39"
Rec-030_90s_2,2,12,4922,core,349,339,0.0,5.0,0.8693,352,334,356,335,1.0,True,88.3132,94.4463,83.0486,3.2479,88.4761,"94.45,92.28,90.10,89.02,85.76,89.02,87.93,86.31,85.22,83.05"
Rec-030_90s_2,2,13,4923,core,353,339,0.0,4.0,0.8616,356,334,360,335,0.2,False,80.2806,90.6471,75.9929,4.5244,78.7067,"90.65,83.05,79.79,77.62,75.99,85.22,80.33,77.62,76.54,75.99"
Rec-030_90s_2,2,14,4924,core,355,338,26.57,2.24,0.8568,358,333,362,334,0.0,False,79.5208,87.9333,75.9929,3.6185,78.1639,"87.93,83.05,78.71,77.62,76.54,82.51,78.71,77.62,76.54,75.99"
Rec-030_90s_2,3,1,5050,core,290,339,0.0,0.0,0.8863,293,334,297,335,1.0,True,90.6471,95.5318,87.9333,2.7353,90.1043,"95.53,94.45,92.28,91.73,91.73,88.48,87.93,87.93,88.48,87.93"
Rec-030_90s_2,3,2,5051,core,292,339,0.0,2.0,0.8968,295,334,299,335,1.0,True,92.1125,98.2455,88.4761,3.0515,91.4612,"98.25,96.07,94.45,92.28,91.73,91.19,90.10,89.56,89.02,88.48"
Rec-030_90s_2,3,3,5052,core,296,339,0.0,4.0,0.9022,299,334,303,335,1.0,True,93.1437,101.502,88.4761,3.9228,91.7325,"101.50,98.25,95.53,93.36,91.19,92.28,91.19,90.10,89.56,88.48"
Rec-030_90s_2,3,4,5053,core,301,339,0.0,5.0,0.8964,304,334,308,335,1.0,True,91.5155,98.2455,87.9333,3.1573,90.9184,"98.25,95.53,93.36,91.19,90.65,91.19,90.10,89.02,87.93,87.93"
Rec-030_90s_2,3,5,5054,core,305,339,0.0,4.0,0.8899,308,334,312,335,1.0,True,92.1125,99.331,87.9333,3.5262,91.4612,"99.33,96.62,94.45,91.73,91.19,92.28,90.10,89.56,87.93,87.93"
Rec-030_90s_2,3,6,5055,core,310,339,0.0,5.0,0.8826,313,334,317,335,1.0,True,90.8099,97.16,87.3906,2.9333,90.3757,"97.16,94.45,92.28,90.65,90.10,90.65,89.56,87.93,87.93,87.39"
Rec-030_90s_2,3,7,5056,core,314,339,0.0,4.0,0.8776,317,334,321,335,1.0,True,91.5155,98.2455,87.9333,3.1573,90.9184,"98.25,95.53,93.36,91.19,90.65,91.19,90.10,89.02,87.93,87.93"
Rec-030_90s_2,3,8,5057,core,323,339,0.0,9.0,0.8712,326,334,330,335,1.0,True,91.8411,97.7027,88.4761,2.8076,91.1898,"97.70,95.53,93.36,92.28,91.19,91.19,90.10,89.56,89.02,88.48"
Rec-030_90s_2,3,9,5058,core,328,339,0.0,5.0,0.8713,331,334,335,335,1.0,True,91.9496,96.6172,89.5616,2.3306,91.7325,"96.62,94.99,93.36,92.28,92.28,91.19,90.10,89.56,89.56,89.56"
Rec-030_90s_2,3,10,5059,core,337,339,0.0,9.0,0.8737,340,334,344,335,1.0,True,93.198,98.2455,90.6471,2.3664,92.818,"98.25,95.53,94.45,94.45,93.36,92.28,91.19,91.19,90.65,90.65"
Rec-030_90s_2,3,11,5060,core,346,339,0.0,9.0,0.8716,349,334,353,335,1.0,True,93.4693,98.7882,89.5616,2.7332,92.818,"98.79,96.62,95.53,94.45,92.28,93.36,92.28,91.19,90.65,89.56"
Rec-030_90s_2,3,12,5061,core,350,339,0.0,4.0,0.865,353,334,357,335,0.8,False,89.0188,98.2455,79.7922,5.4653,89.2902,"98.25,94.99,92.28,87.93,81.42,91.73,90.10,88.48,85.22,79.79"
Rec-030_90s_2,3,13,5062,core,354,338,14.04,4.12,0.8589,357,333,361,334,0.0,False,82.3431,94.4463,76.5357,5.4978,80.6063,"94.45,87.39,82.51,78.71,77.62,87.39,82.51,78.71,77.62,76.54"
Rec-031_30s_3,1,1,3297,core,290,339,0.0,0.0,0.8917,293,334,297,335,1.0,True,83.4286,89.5616,79.7922,3.1371,82.7773,"89.56,87.93,85.22,84.13,83.05,82.51,80.88,80.88,80.33,79.79"
Rec-031_30s_3,1,2,3298,core,294,339,0.0,4.0,0.9016,297,334,301,335,1.0,True,84.0256,91.1898,79.7922,3.448,83.5914,"91.19,88.48,85.76,84.13,83.05,84.13,82.51,80.88,80.33,79.79"
Rec-031_30s_3,1,3,3299,core,298,339,0.0,4.0,0.9004,301,334,305,335,1.0,True,84.2427,92.2753,79.7922,3.7743,83.5914,"92.28,89.02,86.31,84.13,82.51,84.13,83.05,80.88,80.33,79.79"
Rec-031_30s_3,1,4,3300,core,303,339,0.0,5.0,0.893,306,334,310,335,1.0,True,82.7773,89.5616,78.7067,3.2132,82.5059,"89.56,86.85,84.13,83.05,81.96,83.05,80.88,79.79,79.79,78.71"
Rec-031_30s_3,1,5,3301,core,307,339,0.0,4.0,0.8872,310,334,314,335,1.0,True,83.32,90.6471,78.7067,3.4943,82.5059,"90.65,87.93,85.22,83.05,81.96,83.05,81.96,80.88,79.79,78.71"
Rec-031_30s_3,1,6,3302,core,312,339,0.0,5.0,0.8836,315,334,319,335,1.0,True,82.6144,89.0188,78.7067,2.9208,82.2345,"89.02,85.76,84.13,83.05,81.96,82.51,80.88,80.33,79.79,78.71"
Rec-031_30s_3,1,7,3303,core,316,339,0.0,4.0,0.8798,319,334,323,335,1.0,True,83.6456,90.1043,79.7922,3.1596,83.0486,"90.10,87.93,85.22,84.13,83.05,83.05,81.96,80.88,80.33,79.79"
Rec-031_30s_3,1,8,3304,core,321,339,0.0,5.0,0.8785,324,334,328,335,1.0,True,83.8085,89.5616,80.8776,2.6389,83.32,"89.56,86.85,85.22,84.13,83.59,83.05,82.51,81.42,80.88,80.88"
Rec-031_30s_3,1,9,3305,core,326,339,0.0,5.0,0.88,329,334,333,335,1.0,True,84.894,89.5616,82.5059,2.318,84.6769,"89.56,87.93,85.76,85.76,85.22,84.13,83.05,82.51,82.51,82.51"
Rec-031_30s_3,1,10,3306,core,330,339,0.0,4.0,0.8848,333,334,337,335,1.0,True,86.1965,91.1898,83.5914,2.4369,85.7624,"91.19,89.02,87.93,86.85,86.31,85.22,84.13,84.13,83.59,83.59"
Rec-031_30s_3,1,11,3307,core,343,339,0.0,13.0,0.8808,346,334,350,335,1.0,True,88.5303,93.3608,85.2196,2.6639,88.4761,"93.36,91.73,90.65,89.56,89.02,87.93,86.31,85.76,85.76,85.22"
Rec-031_30s_3,1,12,3308,core,348,339,0.0,5.0,0.8779,351,334,355,335,1.0,True,87.8791,93.3608,84.1341,2.6968,87.3906,"93.36,91.19,89.56,88.48,87.39,87.39,86.31,85.76,85.22,84.13"
Rec-031_30s_3,1,13,3309,core,352,339,0.0,4.0,0.8694,355,334,359,335,0.4,False,82.4516,93.3608,76.5357,5.3479,80.8776,"93.36,88.48,81.96,78.71,77.08,86.85,84.13,79.79,77.62,76.54"
Rec-031_30s_3,1,14,3310,core,355,338,18.43,3.16,0.8662,358,333,362,334,0.0,False,80.0635,89.0188,75.9929,3.9456,78.7067,"89.02,84.13,79.79,77.62,77.08,83.05,79.79,77.62,76.54,75.99"
Rec-031_30s_3,2,1,3445,core,290,339,0.0,0.0,0.8866,293,334,297,335,1.0,True,88.856,94.4463,85.7624,2.8724,88.2047,"94.45,92.28,91.19,89.56,89.56,86.85,86.31,86.31,86.31,85.76"
Rec-031_30s_3,2,2,3446,core,293,339,0.0,3.0,0.8979,296,334,300,335,1.0,True,90.7013,98.2455,86.3051,3.5957,89.8329,"98.25,95.53,92.28,91.19,89.56,90.10,89.02,87.93,86.85,86.31"
Rec-031_30s_3,2,3,3447,core,298,339,0.0,5.0,0.9,301,334,305,335,1.0,True,89.7787,96.6172,85.7624,3.365,89.2902,"96.62,94.45,91.73,89.56,89.02,89.56,87.93,86.85,86.31,85.76"
Rec-031_30s_3,2,4,3448,core,302,339,0.0,4.0,0.8943,305,334,309,335,1.0,True,89.7244,97.16,85.7624,3.5262,89.0188,"97.16,94.45,91.19,89.56,88.48,90.10,87.93,86.85,85.76,85.76"
Rec-031_30s_3,2,5,3449,core,307,339,0.0,5.0,0.8885,310,334,314,335,1.0,True,89.1274,95.5318,85.2196,3.1442,88.4761,"95.53,93.36,90.65,89.02,87.93,89.56,87.93,86.31,85.76,85.22"
Rec-031_30s_3,2,6,3450,core,311,339,0.0,4.0,0.8826,314,334,318,335,1.0,True,88.9103,95.5318,85.2196,3.0297,88.4761,"95.53,92.28,90.65,89.02,87.93,89.02,87.39,86.31,85.76,85.22"
Rec-031_30s_3,2,7,3451,core,316,339,0.0,5.0,0.8782,319,334,323,335,1.0,True,88.6389,94.4463,85.7624,2.6705,88.2047,"94.45,91.73,90.10,89.02,88.48,87.93,86.85,86.31,85.76,85.76"
Rec-031_30s_3,2,8,3452,core,325,339,0.0,9.0,0.8737,328,334,332,335,1.0,True,89.8329,94.4463,87.3906,2.2279,89.5616,"94.45,92.28,91.19,90.65,90.10,89.02,87.93,87.93,87.39,87.39"
Rec-031_30s_3,2,9,3453,core,355,338,1.91,30.02,0.8565,358,333,362,334,0.0,False,79.4122,86.8478,75.9929,3.3725,78.1639,"86.85,81.96,78.71,77.62,76.54,83.05,79.79,77.62,75.99,75.99"
Rec-031_30s_3,3,1,3585,core,291,339,0.0,1.0,0.8911,294,334,298,335,1.0,True,92.7095,98.2455,90.1043,2.744,92.2753,"98.25,96.07,94.45,93.36,93.36,91.19,90.10,90.10,90.10,90.10"
Rec-031_30s_3,3,2,3586,core,299,339,0.0,8.0,0.8981,302,334,306,335,1.0,True,94.7719,103.1302,90.1043,3.8239,93.9035,"103.13,99.33,96.62,94.45,93.36,94.99,93.36,91.73,90.65,90.10"
Rec-031_30s_3,3,3,3587,core,308,339,0.0,9.0,0.8842,311,334,315,335,1.0,True,92.9809,100.4165,89.0188,3.3812,92.0039,"100.42,97.16,94.45,93.36,91.73,92.28,91.73,90.10,89.56,89.02"
Rec-031_30s_3,3,4,3588,core,318,339,0.0,10.0,0.8725,321,334,325,335,1.0,True,91.5697,96.6172,89.0188,2.2646,91.1898,"96.62,94.45,92.28,91.73,91.19,91.19,90.10,89.56,89.56,89.02"
Rec-031_30s_3,3,5,3589,core,322,339,0.0,4.0,0.8707,325,334,329,335,1.0,True,92.7095,98.2455,89.5616,2.612,92.2753,"98.25,95.53,94.45,93.36,92.28,92.28,91.19,90.10,90.10,89.56"
Rec-031_30s_3,3,6,3590,core,331,339,0.0,9.0,0.8692,334,334,338,335,1.0,True,94.2834,99.331,91.1898,2.5347,93.9035,"99.33,97.70,95.53,94.99,94.45,93.36,92.28,92.28,91.73,91.19"
Rec-031_30s_3,3,7,3591,core,336,339,0.0,5.0,0.8708,339,334,343,335,1.0,True,94.6091,98.7882,91.7325,2.1581,94.7176,"98.79,97.16,95.53,95.53,94.99,94.45,93.36,92.28,92.28,91.73"
Rec-031_30s_3,3,8,3592,core,340,339,0.0,4.0,0.8719,343,334,347,335,1.0,True,95.5318,100.4165,92.2753,2.3782,94.989,"100.42,98.25,97.16,96.07,95.53,94.45,94.45,93.36,93.36,92.28"
Rec-031_30s_3,3,9,3593,core,345,339,0.0,5.0,0.871,348,334,352,335,1.0,True,95.2061,99.8737,91.7325,2.4053,94.989,"99.87,98.25,96.62,95.53,94.99,94.99,94.45,93.36,92.28,91.73"
Rec-031_30s_3,3,10,3594,core,349,339,0.0,4.0,0.8668,352,334,356,335,1.0,True,92.6552,99.8737,85.7624,3.9217,92.2753,"99.87,97.16,94.99,92.28,89.02,94.45,92.28,91.19,89.56,85.76"
Rec-031_30s_3,3,11,3595,core,354,338,11.31,5.1,0.8586,357,333,361,334,0.0,False,80.8234,91.1898,75.9929,4.6018,79.2494,"91.19,84.13,80.33,77.62,77.08,85.76,80.88,78.16,77.08,75.99"
Rec-031_30s_3,3,12,3596,core,355,338,0.0,1.0,0.8557,358,333,362,334,0.0,False,79.7922,87.9333,75.9929,3.6408,78.7067,"87.93,83.05,79.79,77.62,76.54,83.05,79.79,77.62,76.54,75.99"
Rec-032_30s_4,1,1,3294,core,290,339,0.0,0.0,0.8867,293,334,297,335,1.0,True,82.8315,88.4761,79.7922,2.7802,81.9631,"88.48,86.31,84.68,83.59,83.05,80.88,80.88,80.33,80.33,79.79"
Rec-032_30s_4,1,2,3295,core,291,339,0.0,1.0,0.8949,294,334,298,335,1.0,True,84.6769,91.1898,80.8776,3.2655,83.8627,"91.19,89.02,86.85,85.22,84.13,83.59,83.05,81.96,80.88,80.88"
Rec-032_30s_4,1,3,3296,core,296,339,0.0,5.0,0.9018,299,334,303,335,1.0,True,84.0256,91.1898,79.7922,3.3351,83.5914,"91.19,87.93,85.76,84.13,83.05,84.13,82.51,81.42,80.33,79.79"
Rec-032_30s_4,1,4,3297,core,300,339,0.0,4.0,0.8966,303,334,307,335,1.0,True,83.8085,91.1898,79.7922,3.46,83.0486,"91.19,87.93,85.76,83.59,82.51,84.13,82.51,80.88,79.79,79.79"
Rec-032_30s_4,1,5,3298,core,304,339,0.0,4.0,0.8872,307,334,311,335,1.0,True,83.917,91.7325,78.7067,3.847,83.32,"91.73,89.02,85.76,84.13,82.51,84.13,82.51,80.88,79.79,78.71"
Rec-032_30s_4,1,6,3299,core,314,339,0.0,10.0,0.8763,317,334,321,335,1.0,True,82.2888,87.9333,78.7067,2.6722,81.6918,"87.93,85.76,83.59,82.51,81.42,81.96,80.88,80.33,79.79,78.71"
Rec-032_30s_4,1,7,3300,core,318,339,0.0,4.0,0.8755,321,334,325,335,1.0,True,83.5914,89.5616,80.3349,2.8513,83.0486,"89.56,87.39,85.22,83.59,83.05,83.05,81.96,80.88,80.88,80.33"
Rec-032_30s_4,1,8,3301,core,323,339,0.0,5.0,0.8769,326,334,330,335,1.0,True,84.0256,89.0188,81.4204,2.3881,83.5914,"89.02,86.85,85.76,84.13,84.13,83.05,82.51,81.96,81.42,81.42"
Rec-032_30s_4,1,9,3302,core,327,339,0.0,4.0,0.8793,330,334,334,335,1.0,True,85.7081,91.1898,83.0486,2.6193,85.2196,"91.19,89.02,87.39,85.76,85.76,84.68,84.13,83.05,83.05,83.05"
Rec-032_30s_4,1,10,3303,core,336,339,0.0,9.0,0.8815,339,334,343,335,1.0,True,87.3363,92.2753,84.1341,2.5277,86.8478,"92.28,90.65,89.02,87.93,87.39,86.31,85.76,85.22,84.68,84.13"
Rec-032_30s_4,1,11,3304,core,345,339,0.0,9.0,0.8783,348,334,352,335,1.0,True,88.4218,93.3608,85.2196,2.5624,88.2047,"93.36,91.73,90.10,89.02,88.48,87.93,86.85,85.76,85.76,85.22"
Rec-032_30s_4,1,12,3305,core,350,339,0.0,5.0,0.8714,353,334,357,335,0.8,False,85.2196,92.2753,78.7067,4.0976,85.2196,"92.28,90.10,87.93,84.68,79.79,86.85,85.76,84.13,81.96,78.71"
Rec-032_30s_4,1,13,3306,core,354,338,14.04,4.12,0.8646,357,333,361,334,0.0,False,81.149,91.1898,75.9929,4.5749,79.7922,"91.19,85.76,80.88,78.16,77.08,85.22,80.88,78.71,77.62,75.99"
Rec-032_30s_4,2,1,3431,core,291,339,0.0,1.0,0.8922,294,334,298,335,1.0,True,89.9958,95.5318,86.3051,2.9608,89.2902,"95.53,94.45,91.73,90.65,90.10,88.48,87.93,87.39,87.39,86.31"
Rec-032_30s_4,2,2,3432,core,295,339,0.0,4.0,0.9012,298,334,302,335,1.0,True,91.1898,98.7882,86.3051,3.7288,90.6471,"98.79,96.07,93.36,91.19,90.10,91.19,89.56,87.93,87.39,86.31"
Rec-032_30s_4,2,3,3433,core,300,339,0.0,5.0,0.8972,303,334,307,335,1.0,True,89.9415,96.6172,85.7624,3.3107,89.5616,"96.62,94.45,91.73,90.10,89.56,89.56,87.93,87.39,86.31,85.76"
Rec-032_30s_4,2,4,3434,core,304,339,0.0,4.0,0.8904,307,334,311,335,1.0,True,90.5928,97.7027,86.3051,3.402,90.1043,"97.70,94.99,92.28,90.65,89.56,90.65,89.02,87.93,86.85,86.31"
Rec-032_30s_4,2,5,3435,core,309,339,0.0,5.0,0.8841,312,334,316,335,1.0,True,89.5073,96.0745,85.7624,3.1126,89.0188,"96.07,93.36,91.19,89.56,88.48,89.56,87.93,87.39,85.76,85.76"
Rec-032_30s_4,2,6,3436,core,313,339,0.0,4.0,0.8764,316,334,320,335,1.0,True,89.6701,96.0745,85.7624,3.0297,89.5616,"96.07,93.36,91.19,89.56,89.56,89.56,87.93,87.39,86.31,85.76"
Rec-032_30s_4,2,7,3437,core,318,339,0.0,5.0,0.8726,321,334,325,335,1.0,True,89.3987,95.5318,85.7624,2.7997,89.0188,"95.53,92.28,91.19,89.56,89.02,89.02,87.93,87.39,86.31,85.76"
Rec-032_30s_4,2,8,3438,core,323,339,0.0,5.0,0.869,326,334,330,335,1.0,True,89.3987,94.4463,86.8478,2.2776,89.2902,"94.45,91.73,90.65,89.56,89.56,89.02,87.93,87.39,86.85,86.85"
Rec-032_30s_4,2,9,3439,core,327,339,0.0,4.0,0.871,330,334,334,335,1.0,True,90.3214,95.5318,87.9333,2.3807,89.8329,"95.53,93.36,91.19,90.65,90.10,89.56,89.02,87.93,87.93,87.93"
Rec-032_30s_4,2,10,3440,core,332,339,0.0,5.0,0.873,335,334,339,335,1.0,True,90.8642,94.989,88.4761,2.1601,90.6471,"94.99,93.36,92.28,91.73,91.73,89.56,89.02,89.02,88.48,88.48"
Rec-032_30s_4,2,11,3441,core,336,339,0.0,4.0,0.8741,339,334,343,335,1.0,True,92.0039,97.16,89.5616,2.4424,91.7325,"97.16,94.99,93.36,92.28,92.28,91.19,90.10,89.56,89.56,89.56"
Rec-032_30s_4,2,12,3442,core,341,339,0.0,5.0,0.8714,344,334,348,335,1.0,True,92.2753,96.6172,89.5616,2.3533,91.7325,"96.62,94.99,94.45,93.36,92.28,91.19,90.65,90.10,89.56,89.56"
Rec-032_30s_4,2,13,3443,core,345,339,0.0,4.0,0.8712,348,334,352,335,1.0,True,92.3838,97.7027,89.0188,2.5893,91.7325,"97.70,95.53,94.45,92.28,91.73,91.73,91.19,90.65,89.56,89.02"
Rec-032_30s_4,2,14,3444,core,350,339,0.0,5.0,0.8633,353,334,357,335,0.8,False,88.1504,95.5318,79.7922,4.7328,88.7475,"95.53,93.36,91.19,87.93,81.42,90.10,89.56,87.93,84.68,79.79"
Rec-032_30s_4,2,15,3445,core,354,338,14.04,4.12,0.8583,357,333,361,334,0.0,False,81.0947,91.7325,75.9929,4.7885,79.7922,"91.73,85.22,80.88,78.16,76.54,85.76,80.88,78.71,77.08,75.99"
Rec-032_30s_4,3,1,3574,core,290,339,0.0,0.0,0.8801,293,334,297,335,1.0,True,90.05,94.4463,87.9333,2.204,89.8329,"94.45,92.28,91.19,91.19,91.19,87.93,87.93,87.93,88.48,87.93"
Rec-032_30s_4,3,2,3575,core,293,339,0.0,3.0,0.8977,296,334,300,335,1.0,True,93.0894,99.331,89.5616,3.0243,92.2753,"99.33,97.16,94.99,93.36,92.28,92.28,91.19,90.65,90.10,89.56"
Rec-032_30s_4,3,3,3576,core,302,339,0.0,9.0,0.8934,305,334,309,335,1.0,True,92.5467,98.7882,89.5616,2.8745,91.7325,"98.79,96.07,94.45,92.28,91.19,92.28,91.19,90.10,89.56,89.56"
Rec-032_30s_4,3,4,3577,core,306,339,0.0,4.0,0.8869,309,334,313,335,1.0,True,93.4151,100.4165,89.5616,3.2605,92.5467,"100.42,97.70,94.99,93.36,91.73,93.36,91.73,91.19,90.10,89.56"
Rec-032_30s_4,3,5,3578,core,311,339,0.0,5.0,0.8807,314,334,318,335,1.0,True,92.221,97.7027,89.0188,2.5739,91.7325,"97.70,95.53,93.36,92.28,91.19,92.28,91.19,90.10,89.56,89.02"
Rec-032_30s_4,3,6,3579,core,334,339,0.0,23.0,0.8697,337,334,341,335,1.0,True,94.3377,98.2455,91.7325,2.0567,93.9035,"98.25,97.16,95.53,94.99,94.45,93.36,93.36,92.28,92.28,91.73"
Rec-032_30s_4,3,7,3580,core,338,339,0.0,4.0,0.8723,341,334,345,335,1.0,True,94.8262,99.331,92.2753,2.2905,94.7176,"99.33,97.70,96.07,95.53,94.99,94.45,93.36,92.28,92.28,92.28"
Rec-032_30s_4,3,8,3581,core,343,339,0.0,5.0,0.87,346,334,350,335,1.0,True,94.5005,98.7882,91.7325,2.1361,94.4463,"98.79,97.16,95.53,94.99,94.45,94.45,93.36,92.28,92.28,91.73"
Rec-032_30s_4,3,9,3582,core,347,339,0.0,4.0,0.8687,350,334,354,335,1.0,True,93.7407,98.7882,90.1043,2.5693,93.3608,"98.79,96.62,95.53,94.45,92.28,94.45,92.28,91.73,91.19,90.10"
Rec-032_30s_4,3,10,3583,core,351,339,0.0,4.0,0.8602,354,334,358,335,0.6,False,87.282,97.7027,78.1639,6.4803,88.4761,"97.70,94.45,90.65,83.05,78.71,92.28,90.10,86.85,80.88,78.16"
Rec-032_30s_4,3,11,3584,core,355,338,14.04,4.12,0.8578,358,333,362,334,0.0,False,80.0093,89.0188,75.9929,3.9824,78.7067,"89.02,83.59,79.79,77.62,76.54,83.59,79.79,77.62,76.54,75.99"
Rec-G3_S60_1,1,1,1802,core,317,320,0.0,0.0,0.9834,320,315,324,316,1.0,True,131.2987,173.6871,94.4463,31.2458,124.5686,"173.69,170.43,133.52,107.47,96.07,173.69,147.64,115.61,100.42,94.45"
Rec-G3_S60_1,1,2,1803,core,322,321,-11.31,5.1,0.9807,325,316,329,317,1.0,True,113.9851,161.2039,91.1898,22.5537,106.3867,"161.20,134.61,111.27,97.70,92.28,138.95,116.70,101.50,94.45,91.19"
Rec-G3_S60_1,1,3,1804,core,327,320,11.31,5.1,0.9742,330,315,334,316,1.0,True,121.095,172.6016,90.1043,27.689,113.9851,"172.60,148.72,121.58,101.50,92.28,154.69,128.10,106.39,94.99,90.10"
Rec-G3_S60_1,1,4,1805,core,331,320,0.0,4.0,0.9723,334,315,338,316,1.0,True,132.1128,173.6871,93.3608,29.5547,130.2675,"173.69,165.55,140.04,112.90,97.16,170.43,146.01,120.50,101.50,93.36"
Rec-G3_S60_1,1,5,1806,core,336,320,0.0,5.0,0.9711,339,315,343,316,1.0,True,126.7939,173.6871,91.1898,29.5257,120.7694,"173.69,160.12,129.72,106.39,94.45,164.46,138.95,111.81,97.16,91.19"
Rec-G3_S60_1,1,6,1807,core,341,320,0.0,5.0,0.97,344,315,348,316,1.0,True,122.3434,173.6871,91.1898,27.8256,115.0706,"173.69,150.35,122.67,103.13,93.36,156.86,128.64,107.47,96.07,91.19"
Rec-G3_S60_1,1,7,1808,core,346,320,0.0,5.0,0.9686,349,315,353,316,1.0,True,118.7613,168.8024,91.1898,25.9484,111.0,"168.80,143.29,116.70,99.33,92.28,150.89,124.30,105.30,95.53,91.19"
Rec-G3_S60_1,1,8,1809,core,351,320,0.0,5.0,0.9656,354,315,358,316,1.0,True,115.6133,162.2894,93.3608,23.0766,106.9294,"162.29,136.78,111.81,97.70,93.36,143.84,118.87,102.04,96.07,93.36"
Rec-G3_S60_1,1,9,1810,core,355,320,0.0,4.0,0.9628,358,315,362,316,1.0,True,129.1277,173.6871,98.2455,25.9673,122.1263,"173.69,157.40,129.18,110.73,102.04,162.29,137.32,115.07,105.30,98.25"
Rec-G3_S60_1,1,10,1811,core,360,320,0.0,5.0,0.9633,363,315,367,316,1.0,True,129.779,173.6871,104.2157,22.9299,122.669,"173.69,154.15,129.18,116.16,110.19,157.40,131.35,113.99,107.47,104.22"
Rec-G3_S60_1,1,11,1812,core,365,320,0.0,5.0,0.9636,368,315,372,316,1.0,True,129.0191,170.9733,105.3012,20.7752,122.3976,"170.97,149.81,128.10,116.70,111.27,152.52,129.72,116.16,109.64,105.30"
Rec-G3_S60_1,1,12,1813,core,370,320,0.0,5.0,0.9611,373,315,377,316,1.0,True,121.7464,165.5459,98.2455,21.7587,115.342,"165.55,143.29,121.58,107.47,100.42,146.01,123.75,109.10,102.04,98.25"
Rec-G3_S60_1,1,13,1814,core,375,320,0.0,5.0,0.9545,378,315,382,316,1.0,True,114.6907,156.3192,97.7027,18.3076,106.658,"156.32,127.01,108.01,102.04,97.70,135.69,115.07,105.30,101.50,98.25"
Rec-G3_S60_1,1,14,1815,core,380,319,11.31,5.1,0.9487,383,314,387,315,1.0,True,116.4274,167.7169,87.9333,25.8158,108.0149,"167.72,138.95,111.81,97.70,90.65,148.72,121.58,104.22,94.99,87.93"
Rec-G3_S60_1,1,15,1816,core,384,319,0.0,4.0,0.9501,387,314,391,315,0.4,False,120.9322,173.6871,85.2196,29.904,113.7137,"173.69,152.52,123.75,102.04,91.19,158.49,127.55,103.67,91.19,85.22"
Rec-G3_S60_1,1,16,1817,core,386,319,0.0,2.0,0.9566,389,314,393,315,0.0,False,121.9092,173.6871,85.2196,31.3998,113.4423,"173.69,156.86,123.75,100.42,91.19,164.46,129.72,103.13,90.65,85.22"
Rec-G3_S60_1,2,1,1975,core,317,321,-90.0,1.0,0.9796,320,316,324,317,1.0,True,127.608,173.6871,98.2455,27.5835,118.3271,"173.69,160.66,124.84,105.84,98.25,165.55,131.90,111.81,103.67,99.87"
Rec-G3_S60_1,2,2,1976,core,322,321,0.0,5.0,0.9776,325,316,329,317,1.0,True,120.6609,168.8024,97.7027,22.3253,113.4424,"168.80,140.04,116.70,103.13,97.70,144.38,123.21,110.19,103.13,99.33"
Rec-G3_S60_1,2,3,1977,core,326,321,0.0,4.0,0.97,329,316,333,317,1.0,True,130.4303,173.6871,101.502,25.3875,125.1114,"173.69,161.20,132.44,111.81,101.50,160.12,136.78,117.78,106.93,102.04"
Rec-G3_S60_1,2,4,1978,core,331,320,11.31,5.1,0.9682,334,315,338,316,1.0,True,135.6949,173.6871,98.7882,29.647,133.2525,"173.69,173.69,143.29,113.99,99.33,173.69,150.89,123.21,106.39,98.79"
Rec-G3_S60_1,2,5,1979,core,336,320,0.0,5.0,0.9653,339,315,343,316,1.0,True,131.4072,173.6871,98.2455,29.0736,124.84,"173.69,166.63,132.98,109.10,98.25,172.06,142.21,116.70,104.22,98.25"
Rec-G3_S60_1,2,6,1980,core,341,320,0.0,5.0,0.9618,344,315,348,316,1.0,True,125.8712,173.6871,95.5318,27.205,118.0557,"173.69,155.78,124.30,105.30,95.53,161.20,131.90,111.81,102.04,97.16"
Rec-G3_S60_1,2,7,1981,core,346,320,0.0,5.0,0.958,349,315,353,316,1.0,True,122.9404,173.6871,95.5318,25.6693,114.5278,"173.69,147.64,118.87,102.04,95.53,154.15,127.01,110.19,102.04,98.25"
Rec-G3_S60_1,2,8,1982,core,350,320,0.0,4.0,0.9537,353,315,357,316,1.0,True,135.0436,173.6871,100.9592,27.9751,130.5388,"173.69,169.35,139.49,112.90,100.96,172.60,148.18,121.58,108.56,103.13"
Rec-G3_S60_1,2,9,1983,core,355,320,0.0,5.0,0.9547,358,315,362,316,1.0,True,131.3529,173.6871,102.0447,26.1916,123.4831,"173.69,162.83,129.18,109.10,102.04,166.63,138.95,117.78,109.10,104.22"
Rec-G3_S60_1,2,10,1984,core,360,320,0.0,5.0,0.9557,363,315,367,316,1.0,True,132.9269,173.6871,108.0149,22.5973,125.3827,"173.69,158.49,131.35,117.78,111.81,162.29,134.61,119.41,111.81,108.01"
Rec-G3_S60_1,2,11,1985,core,365,320,0.0,5.0,0.9553,368,315,372,316,1.0,True,131.7329,173.6871,110.1859,20.4321,124.5686,"173.69,152.52,129.72,118.87,112.90,154.69,131.35,119.41,113.99,110.19"
Rec-G3_S60_1,2,12,1986,core,370,320,0.0,5.0,0.9537,373,315,377,316,1.0,True,126.7396,172.6016,102.0447,21.3724,119.4126,"172.60,145.46,121.04,108.56,102.04,150.35,127.55,117.78,112.90,109.10"
Rec-G3_S60_1,2,13,1987,core,374,320,0.0,4.0,0.9489,377,315,381,316,1.0,True,131.3529,173.6871,101.502,25.9271,123.7545,"173.69,161.20,128.10,109.10,101.50,166.09,140.58,119.41,109.64,104.22"
Rec-G3_S60_1,2,14,1988,core,379,319,11.31,5.1,0.9463,382,314,386,315,1.0,True,134.0124,173.6871,95.5318,30.5334,130.5388,"173.69,173.69,140.04,111.81,97.70,173.69,148.72,121.04,104.22,95.53"
Rec-G3_S60_1,2,15,1989,core,384,319,0.0,5.0,0.9469,387,314,391,315,0.4,False,121.5835,173.6871,85.2196,30.9897,113.4423,"173.69,156.86,123.75,101.50,91.19,162.29,127.55,103.13,90.65,85.22"
Rec-G3_S60_1,2,16,1990,core,386,319,0.0,2.0,0.9532,389,314,393,315,0.0,False,124.4058,173.6871,85.7624,33.2591,115.342,"173.69,166.09,127.55,102.04,91.19,170.97,132.44,103.13,91.19,85.76"
Rec-G3_S60_1,3,1,2144,core,317,320,0.0,0.0,0.9787,320,315,324,316,1.0,True,133.5782,173.6871,98.2455,30.5102,127.2823,"173.69,173.69,137.32,110.19,98.25,173.69,149.81,117.24,103.67,98.25"
Rec-G3_S60_1,3,2,2145,core,319,321,-26.57,2.24,0.9798,322,316,326,317,1.0,True,122.7776,172.6016,99.8737,22.6667,114.7992,"172.60,142.21,117.78,105.30,99.87,146.55,124.30,111.81,105.30,102.04"
Rec-G3_S60_1,3,3,2146,core,323,321,0.0,4.0,0.9717,326,316,330,317,1.0,True,134.2838,173.6871,104.2157,25.2598,129.7247,"173.69,166.09,137.32,116.16,105.30,165.55,141.67,122.13,110.73,104.22"
Rec-G3_S60_1,3,4,2147,core,328,320,11.31,5.1,0.9688,331,315,335,316,1.0,True,138.68,173.6871,102.0447,28.4227,138.1373,"173.69,173.69,148.18,118.87,102.04,173.69,156.32,128.10,110.19,102.04"
Rec-G3_S60_1,3,5,2148,core,333,320,0.0,5.0,0.9659,336,315,340,316,1.0,True,133.8496,173.6871,99.8737,28.7124,128.6392,"173.69,168.80,136.78,111.27,99.87,173.69,146.55,120.50,106.39,100.96"
Rec-G3_S60_1,3,6,2149,core,338,320,0.0,5.0,0.9619,341,315,345,316,1.0,True,129.3448,173.6871,98.2455,27.2889,121.8549,"173.69,160.66,127.55,108.01,98.25,166.63,137.32,116.16,105.30,99.87"
Rec-G3_S60_1,3,7,2150,core,343,320,0.0,5.0,0.9565,346,315,350,316,1.0,True,124.6772,173.6871,96.6172,25.6105,116.9702,"173.69,149.81,121.04,104.22,96.62,156.86,129.18,112.90,103.67,98.79"
Rec-G3_S60_1,3,8,2151,core,348,320,0.0,5.0,0.9528,351,315,355,316,1.0,True,122.4519,173.6871,97.7027,24.1338,113.4424,"173.69,143.29,116.16,103.13,97.70,150.35,124.84,110.73,104.22,100.42"
Rec-G3_S60_1,3,9,2152,core,352,320,0.0,4.0,0.952,355,315,359,316,1.0,True,133.4697,173.6871,102.0447,26.5507,126.7396,"173.69,166.09,132.98,111.27,102.04,169.35,143.29,120.50,110.19,105.30"
Rec-G3_S60_1,3,10,2153,core,357,320,0.0,5.0,0.9513,360,315,364,316,1.0,True,130.973,173.6871,103.1302,25.0441,122.669,"173.69,160.12,126.47,110.19,103.13,164.46,136.78,118.87,110.73,105.30"
Rec-G3_S60_1,3,11,2154,core,362,320,0.0,5.0,0.9511,365,315,369,316,1.0,True,129.6704,173.6871,108.5576,21.5702,121.3122,"173.69,149.81,124.84,113.99,109.10,156.32,130.81,117.78,111.81,108.56"
Rec-G3_S60_1,3,12,2155,core,367,320,0.0,5.0,0.9504,370,315,374,316,1.0,True,125.3827,172.6016,102.0447,21.8572,117.5129,"172.60,143.84,121.04,109.64,102.04,149.81,126.47,113.99,109.10,105.30"
Rec-G3_S60_1,3,13,2156,core,372,320,0.0,5.0,0.9467,375,315,379,316,1.0,True,120.878,163.3749,101.502,18.6819,113.4424,"163.37,132.44,112.90,105.30,101.50,142.21,122.13,113.99,109.10,105.84"
Rec-G3_S60_1,3,14,2157,core,376,319,14.04,4.12,0.945,379,314,383,315,1.0,True,136.7261,173.6871,100.4165,29.2292,132.9812,"173.69,173.69,141.67,112.90,100.42,173.69,156.32,124.30,108.56,102.04"
Rec-G3_S60_1,3,15,2158,core,381,319,0.0,5.0,0.9466,384,314,388,315,1.0,True,128.1507,173.6871,89.5616,31.5198,121.3122,"173.69,163.37,128.64,105.30,93.36,173.69,142.21,113.99,97.70,89.56"
Rec-G3_S60_1,3,16,2159,core,386,319,0.0,5.0,0.9476,389,314,393,315,0.0,False,114.6364,173.6871,83.0486,29.2819,104.2157,"173.69,143.29,112.90,95.53,89.02,148.72,116.70,95.53,87.93,83.05"
Rec-G3_S60_1,3,17,2160,core,386,319,0.0,0.0,0.9581,389,314,393,315,0.0,False,117.2958,173.6871,83.5914,30.8081,106.658,"173.69,150.89,115.61,96.07,89.02,156.86,121.04,97.70,88.48,83.59"
