specimen,pause_group,pixel_row,pixel_col,pixel_flat,T1,T2,T3,T4,T5,T6,delta_T1,delta_T2,delta_T3,delta_T4,delta_T5,delta_T6,T_mean_across_layers,T_std_across_layers
Rec-022_10s_1,10s,0,0,0,105.7927,108.1136,110.7657,112.2786,113.1964,111.8921,0.0,2.3209,4.973,6.4859,7.4037,6.0994,110.3398,2.8335
Rec-022_10s_1,10s,0,1,1,100.1682,103.03,105.1071,106.3079,107.2745,106.5021,0.0,2.8618,4.9389,6.1397,7.1063,6.3339,104.7316,2.6813
Rec-022_10s_1,10s,0,2,2,96.3227,99.4291,101.5021,102.355,103.1782,102.5871,0.0,3.1064,5.1794,6.0323,6.8555,6.2644,100.8957,2.5935
Rec-022_10s_1,10s,0,3,3,93.6073,97.0609,99.1386,99.9121,100.6136,100.2993,0.0,3.4536,5.5313,6.3048,7.0063,6.692,98.4386,2.6868
Rec-022_10s_1,10s,0,4,4,91.8309,95.3355,97.7421,98.1686,99.1336,98.5557,0.0,3.5046,5.9112,6.3377,7.3027,6.7248,96.7944,2.7614
Rec-022_10s_1,10s,0,5,5,94.5455,98.0982,99.9514,101.1529,101.7973,101.8886,0.0,3.5527,5.4059,6.6074,7.2518,7.3431,99.5723,2.8425
Rec-022_10s_1,10s,0,6,6,92.2764,95.7782,97.6636,98.9064,99.43,99.485,0.0,3.5018,5.3872,6.63,7.1536,7.2086,97.2566,2.813
Rec-022_10s_1,10s,0,7,7,90.4982,94.3491,96.0364,96.9264,97.6545,97.6636,0.0,3.8509,5.5382,6.4282,7.1563,7.1654,95.5214,2.7563
Rec-022_10s_1,10s,0,8,8,89.1664,92.9173,94.8736,95.7657,96.2727,96.5786,0.0,3.7509,5.7072,6.5993,7.1063,7.4122,94.2624,2.822
Rec-022_10s_1,10s,0,9,9,87.8845,91.7327,94.3707,94.99,95.73,95.3386,0.0,3.8482,6.4862,7.1055,7.8455,7.4541,93.3411,3.0278
Rec-024_90s_1,90s,0,0,0,98.9969,108.3477,109.101,109.5264,109.6422,113.4008,0.0,9.3508,10.1041,10.5295,10.6453,14.4039,108.1692,4.8252
Rec-024_90s_1,90s,0,1,1,94.1123,102.6277,104.159,104.5257,104.6378,107.8054,0.0,8.5154,10.0467,10.4134,10.5255,13.6931,102.978,4.6599
Rec-024_90s_1,90s,0,2,2,90.7292,98.83,100.146,100.9586,101.4389,103.7985,0.0,8.1008,9.4168,10.2294,10.7097,13.0693,99.3169,4.5157
Rec-024_90s_1,90s,0,3,3,88.5608,96.3677,97.649,98.595,99.2689,101.3331,0.0,7.8069,9.0882,10.0342,10.7081,12.7723,96.9624,4.4385
Rec-024_90s_1,90s,0,4,4,87.14,94.8223,96.075,97.0436,98.0056,99.8746,0.0,7.6823,8.935,9.9036,10.8656,12.7346,95.4935,4.438
Rec-024_90s_1,90s,0,5,5,88.4762,96.1592,97.486,99.4471,99.6922,102.1685,0.0,7.683,9.0098,10.9709,11.216,13.6923,97.2382,4.7583
Rec-024_90s_1,90s,0,6,6,86.0546,93.5285,95.532,97.1593,97.6444,99.5808,0.0,7.4739,9.4774,11.1047,11.5898,13.5262,94.9166,4.7972
Rec-024_90s_1,90s,0,7,7,84.3023,91.8169,93.85,95.5707,96.1978,97.7038,0.0,7.5146,9.5477,11.2684,11.8955,13.4015,93.2403,4.8246
Rec-024_90s_1,90s,0,8,8,83.09,90.6469,92.493,94.68,95.2311,96.6592,0.0,7.5569,9.403,11.59,12.1411,13.5692,92.1334,4.913
Rec-024_90s_1,90s,0,9,9,82.4623,89.8954,92.059,93.6721,94.5678,95.9492,0.0,7.4331,9.5967,11.2098,12.1055,13.4869,91.4343,4.8676
Rec-025_30s_1,30s,0,0,0,100.851,107.3367,108.4208,111.4508,113.0662,114.4782,0.0,6.4857,7.5698,10.5998,12.2152,13.6272,109.2673,4.9322
Rec-025_30s_1,30s,0,1,1,95.533,102.27,103.4008,105.8867,107.7646,108.5091,0.0,6.737,7.8678,10.3537,12.2316,12.9761,103.894,4.7548
Rec-025_30s_1,30s,0,2,2,91.733,98.925,100.0075,101.9992,103.6292,104.7082,0.0,7.192,8.2745,10.2662,11.8962,12.9752,100.167,4.6619
Rec-025_30s_1,30s,0,3,3,89.128,96.4817,97.9758,99.0592,100.8331,102.0445,0.0,7.3537,8.8478,9.9312,11.7051,12.9165,97.5871,4.5935
Rec-025_30s_1,30s,0,4,4,87.825,95.4417,96.4808,97.0233,99.4562,100.3164,0.0,7.6167,8.6558,9.1983,11.6312,12.4914,96.0906,4.4486
Rec-025_30s_1,30s,0,5,5,90.157,96.3458,98.5175,100.5075,102.5446,103.1791,0.0,6.1888,8.3605,10.3505,12.3876,13.0221,98.5419,4.8274
Rec-025_30s_1,30s,0,6,6,87.716,94.2208,96.21,98.11,99.9985,100.5145,0.0,6.5048,8.494,10.394,12.2825,12.7985,96.1283,4.7446
Rec-025_30s_1,30s,0,7,7,85.599,92.5483,94.7183,96.3917,97.9546,98.8382,0.0,6.9493,9.1193,10.7927,12.3556,13.2392,94.3417,4.8429
Rec-025_30s_1,30s,0,8,8,84.513,91.3258,93.5442,94.8083,96.8262,97.4564,0.0,6.8128,9.0312,10.2953,12.3132,12.9434,93.079,4.751
Rec-025_30s_1,30s,0,9,9,83.917,90.9192,92.7275,93.5433,95.9077,96.7155,0.0,7.0022,8.8105,9.6263,11.9907,12.7985,92.2884,4.6135
Rec-026_60s_2,60s,0,0,0,96.9627,102.7538,106.442,108.3915,109.4879,110.5791,0.0,5.7911,9.4793,11.4288,12.5252,13.6164,105.7695,5.1174
Rec-026_60s_2,60s,0,1,1,91.9309,98.4131,101.718,103.9215,104.7964,105.9427,0.0,6.4822,9.7871,11.9906,12.8655,14.0118,101.1204,5.2297
Rec-026_60s_2,60s,0,2,2,88.5755,95.3246,98.517,100.4162,101.3064,102.5382,0.0,6.7491,9.9415,11.8407,12.7309,13.9627,97.7797,5.1637
Rec-026_60s_2,60s,0,3,3,86.3545,93.2785,96.293,98.2454,98.9814,100.12,0.0,6.924,9.9385,11.8909,12.6269,13.7655,95.5455,5.1028
Rec-026_60s_2,60s,0,4,4,85.12,92.0677,94.283,96.91,97.315,98.4436,0.0,6.9477,9.163,11.79,12.195,13.3236,94.0232,4.937
Rec-026_60s_2,60s,0,5,5,86.4045,92.8592,96.617,98.1631,99.835,100.6627,0.0,6.4547,10.2125,11.7586,13.4305,14.2582,95.7569,5.3496
Rec-026_60s_2,60s,0,6,6,84.0836,90.7308,94.611,96.2831,97.5864,98.59,0.0,6.6472,10.5274,12.1995,13.5028,14.5064,93.6475,5.4368
Rec-026_60s_2,60s,0,7,7,82.2591,89.2692,92.928,94.6962,96.0371,96.8655,0.0,7.0101,10.6689,12.4371,13.778,14.6064,92.0092,5.4853
Rec-026_60s_2,60s,0,8,8,81.2718,88.3931,91.679,93.7392,94.9107,95.7782,0.0,7.1213,10.4072,12.4674,13.6389,14.5064,90.962,5.4317
Rec-026_60s_2,60s,0,9,9,80.7273,87.6823,90.539,92.9854,94.0986,95.0373,0.0,6.955,9.8117,12.2581,13.3713,14.31,90.1783,5.3393
Rec-028_30s_2,30s,0,0,0,98.9146,105.3423,107.3736,108.4021,109.425,109.7792,0.0,6.4277,8.459,9.4875,10.5104,10.8646,106.5395,4.0635
Rec-028_30s_2,30s,0,1,1,94.74,100.6677,102.7336,103.5943,104.703,104.8933,0.0,5.9277,7.9936,8.8543,9.963,10.1533,101.8886,3.8253
Rec-028_30s_2,30s,0,2,2,91.6077,97.2015,99.2818,100.2236,101.338,101.5475,0.0,5.5938,7.6741,8.6159,9.7303,9.9398,98.5333,3.7445
Rec-028_30s_2,30s,0,3,3,89.3108,94.8646,97.1109,97.935,99.004,99.2417,0.0,5.5538,7.8001,8.6242,9.6932,9.9309,96.2445,3.7466
Rec-028_30s_2,30s,0,4,4,87.7254,93.3192,95.5318,96.58,97.757,97.8392,0.0,5.5938,7.8064,8.8546,10.0316,10.1138,94.7921,3.8452
Rec-028_30s_2,30s,0,5,5,88.6838,94.4462,97.21,98.5179,99.439,99.7375,0.0,5.7624,8.5262,9.8341,10.7552,11.0537,96.3391,4.2155
Rec-028_30s_2,30s,0,6,6,86.5562,92.2762,95.0382,96.5,97.376,97.5208,0.0,5.72,8.482,9.9438,10.8198,10.9646,94.2112,4.2246
Rec-028_30s_2,30s,0,7,7,84.9269,90.69,93.56,94.7964,95.804,96.03,0.0,5.7631,8.6331,9.8695,10.8771,11.1031,92.6345,4.2496
Rec-028_30s_2,30s,0,8,8,83.8846,89.7708,92.3273,93.7871,94.936,95.0342,0.0,5.8862,8.4427,9.9025,11.0514,11.1496,91.6233,4.2686
Rec-028_30s_2,30s,0,9,9,83.09,89.1023,91.7327,92.9729,94.447,94.4467,0.0,6.0123,8.6427,9.8829,11.357,11.3567,90.9653,4.344
Rec-029_10s_2,10s,0,0,0,102.5875,105.7533,109.536,110.14,110.62,111.597,0.0,3.1658,6.9485,7.5525,8.0325,9.0095,108.3723,3.4714
Rec-029_10s_2,10s,0,1,1,98.3817,101.8633,104.975,105.6167,106.387,107.037,0.0,3.4816,6.5933,7.235,8.0053,8.6553,104.0435,3.3047
Rec-029_10s_2,10s,0,2,2,95.3508,99.015,101.556,102.3608,103.399,103.78,0.0,3.6642,6.2052,7.01,8.0482,8.4292,100.9103,3.2078
Rec-029_10s_2,10s,0,3,3,93.4508,97.25,99.277,100.3725,101.338,101.338,0.0,3.7992,5.8262,6.9217,7.8872,7.8872,98.8377,3.0526
Rec-029_10s_2,10s,0,4,4,92.32,96.0308,97.65,99.24,99.873,99.982,0.0,3.7108,5.33,6.92,7.553,7.662,97.516,2.9608
Rec-029_10s_2,10s,0,5,5,93.4058,96.6167,99.818,100.5975,101.446,102.097,0.0,3.2109,6.4122,7.1917,8.0402,8.6912,98.9968,3.3398
Rec-029_10s_2,10s,0,6,6,91.5533,94.99,97.865,98.6983,99.603,100.144,0.0,3.4367,6.3117,7.145,8.0497,8.5907,97.1423,3.2826
Rec-029_10s_2,10s,0,7,7,90.0592,93.6792,96.348,97.2042,98.083,98.517,0.0,3.62,6.2888,7.145,8.0238,8.4578,95.6484,3.2306
Rec-029_10s_2,10s,0,8,8,89.245,92.9992,95.369,96.3017,97.16,97.592,0.0,3.7542,6.124,7.0567,7.915,8.347,94.7778,3.1636
Rec-029_10s_2,10s,0,9,9,88.7025,92.4117,94.393,95.7583,96.564,96.834,0.0,3.7092,5.6905,7.0558,7.8615,8.1315,94.1106,3.1101
Rec-030_90s_2,90s,0,0,0,95.8238,103.4008,108.5564,109.534,108.9789,111.27,0.0,7.577,12.7326,13.7102,13.1551,15.4462,106.2606,5.7546
Rec-030_90s_2,90s,0,1,1,91.4423,98.8342,103.13,104.54,104.5767,106.07,0.0,7.3919,11.6877,13.0977,13.1344,14.6277,101.4322,5.4861
Rec-030_90s_2,90s,0,2,2,88.3508,95.8492,99.5291,100.904,101.1411,102.4958,0.0,7.4984,11.1783,12.5532,12.7903,14.145,98.045,5.2644
Rec-030_90s_2,90s,0,3,3,86.1792,93.8583,96.9627,98.409,99.15,100.2358,0.0,7.6791,10.7835,12.2298,12.9708,14.0566,95.7992,5.2036
Rec-030_90s_2,90s,0,4,4,85.2623,92.5458,95.7282,96.945,98.0044,98.6075,0.0,7.2835,10.4659,11.6827,12.7421,13.3452,94.5155,5.0158
Rec-030_90s_2,90s,0,5,5,86.0962,93.1367,97.1618,99.06,99.0289,100.7792,0.0,7.0405,11.0656,12.9638,12.9327,14.683,95.8771,5.4575
Rec-030_90s_2,90s,0,6,6,84.01,91.01,94.94,96.781,97.1589,98.5167,0.0,7.0,10.93,12.771,13.1489,14.5067,93.7361,5.4281
Rec-030_90s_2,90s,0,7,7,82.2546,89.605,93.1155,94.935,95.6522,96.8433,0.0,7.3504,10.8609,12.6804,13.3976,14.5887,92.0676,5.4284
Rec-030_90s_2,90s,0,8,8,81.0885,88.7483,91.9318,94.013,94.7489,95.8033,0.0,7.6598,10.8433,12.9245,13.6604,14.7148,91.0556,5.4838
Rec-030_90s_2,90s,0,9,9,80.6246,87.9333,91.2391,93.143,94.2667,95.0792,0.0,7.3087,10.6145,12.5184,13.6421,14.4546,90.381,5.4169
Rec-031_30s_3,30s,0,0,0,100.235,106.9287,107.8322,108.4738,109.87,111.8592,0.0,6.6937,7.5972,8.2388,9.635,11.6242,107.5331,3.9693
Rec-031_30s_3,30s,0,1,1,95.2625,101.1612,103.4911,103.7969,105.255,106.9733,0.0,5.8987,8.2286,8.5344,9.9925,11.7108,102.6567,4.1059
Rec-031_30s_3,30s,0,2,2,91.6875,97.4325,100.0544,100.6238,101.7733,103.3092,0.0,5.745,8.3669,8.9363,10.0858,11.6217,99.1468,4.1427
Rec-031_30s_3,30s,0,3,3,89.2892,94.7175,98.0033,98.5385,99.5575,100.8233,0.0,5.4283,8.7141,9.2493,10.2683,11.5341,96.8216,4.2192
Rec-031_30s_3,30s,0,4,4,87.6633,93.16,96.9811,97.2862,98.2008,99.5117,0.0,5.4967,9.3178,9.6229,10.5375,11.8484,95.4672,4.3739
Rec-031_30s_3,30s,0,5,5,89.6058,94.72,97.9444,98.5815,99.9183,101.275,0.0,5.1142,8.3386,8.9757,10.3125,11.6692,97.0075,4.244
Rec-031_30s_3,30s,0,6,6,87.3908,92.2775,96.0156,96.7008,97.7925,99.1067,0.0,4.8867,8.6248,9.31,10.4017,11.7159,94.8807,4.3316
Rec-031_30s_3,30s,0,7,7,85.535,90.5788,94.5678,95.3231,96.3925,97.5667,0.0,5.0438,9.0328,9.7881,10.8575,12.0317,93.3273,4.4981
Rec-031_30s_3,30s,0,8,8,84.5408,89.2225,93.7222,94.3223,95.26,96.4825,0.0,4.6817,9.1814,9.7815,10.7192,11.9417,92.2584,4.5174
Rec-031_30s_3,30s,0,9,9,83.5008,88.7463,93.3011,93.7785,94.8083,96.0292,0.0,5.2455,9.8003,10.2777,11.3075,12.5284,91.694,4.7167
Rec-032_30s_4,30s,0,0,0,99.0355,104.7569,107.6533,108.8733,109.8364,111.8733,0.0,5.7214,8.6178,9.8378,10.8009,12.8378,107.0048,4.565
Rec-032_30s_4,30s,0,1,1,94.5445,100.25,103.1889,104.0792,105.2607,106.6878,0.0,5.7055,8.6444,9.5347,10.7162,12.1433,102.3352,4.389
Rec-032_30s_4,30s,0,2,2,91.3382,97.1192,99.8144,100.7333,101.9279,103.1911,0.0,5.781,8.4762,9.3951,10.5897,11.8529,99.0207,4.2905
Rec-032_30s_4,30s,0,3,3,89.1173,95.1146,97.4622,98.6517,99.6807,100.7189,0.0,5.9973,8.3449,9.5344,10.5634,11.6016,96.7909,4.2282
Rec-032_30s_4,30s,0,4,4,87.8836,94.03,96.3156,97.3858,98.2071,99.3933,0.0,6.1464,8.432,9.5022,10.3235,11.5097,95.5359,4.1682
Rec-032_30s_4,30s,0,5,5,89.2164,94.7808,97.7033,99.1492,100.1829,100.9589,0.0,5.5644,8.4869,9.9328,10.9665,11.7425,96.9986,4.3915
Rec-032_30s_4,30s,0,6,6,86.9955,92.8608,95.7722,97.025,98.0129,99.0289,0.0,5.8653,8.7767,10.0295,11.0174,12.0334,94.9492,4.4416
Rec-032_30s_4,30s,0,7,7,85.3664,91.2746,94.2656,95.3975,96.5793,97.3411,0.0,5.9082,8.8992,10.0311,11.2129,11.9747,93.3708,4.4594
Rec-032_30s_4,30s,0,8,8,84.3809,90.4792,93.1211,94.5367,95.415,96.3744,0.0,6.0983,8.7402,10.1558,11.0341,11.9935,92.3846,4.4264
Rec-032_30s_4,30s,0,9,9,83.7882,89.9785,92.3978,93.9058,94.7186,95.7722,0.0,6.1903,8.6096,10.1176,10.9304,11.984,91.7602,4.3951
Rec-G3_S60_1,60s,0,0,0,92.3536,99.02,102.6973,104.3707,106.3867,107.0843,0.0,6.6664,10.3437,12.0171,14.0331,14.7307,101.9854,5.5341
Rec-G3_S60_1,60s,0,1,1,89.4064,95.9964,99.6547,101.3086,102.9853,103.5564,0.0,6.59,10.2483,11.9022,13.5789,14.15,98.818,5.3528
Rec-G3_S60_1,60s,0,2,2,87.0421,93.5943,97.196,98.7107,100.272,100.92,0.0,6.5522,10.1539,11.6686,13.2299,13.8779,96.2892,5.23
Rec-G3_S60_1,60s,0,3,3,85.5286,92.12,95.2067,97.1214,98.39,98.9429,0.0,6.5914,9.6781,11.5928,12.8614,13.4143,94.5516,5.0671
Rec-G3_S60_1,60s,0,4,4,84.445,91.1121,93.9787,96.1921,96.834,97.5864,0.0,6.6671,9.5337,11.7471,12.389,13.1414,93.358,4.9571
Rec-G3_S60_1,60s,0,5,5,84.985,91.4221,95.424,97.16,98.9333,99.64,0.0,6.4371,10.439,12.175,13.9483,14.655,94.5941,5.549
Rec-G3_S60_1,60s,0,6,6,83.3986,89.9879,93.6873,95.7257,97.2333,97.8957,0.0,6.5893,10.2887,12.3271,13.8347,14.4971,92.9881,5.4963
Rec-G3_S60_1,60s,0,7,7,82.39,88.7864,92.566,94.6029,96.0747,96.7329,0.0,6.3964,10.176,12.2129,13.6847,14.3429,91.8588,5.4527
Rec-G3_S60_1,60s,0,8,8,81.5743,88.205,91.5873,93.9436,95.0267,95.7643,0.0,6.6307,10.013,12.3693,13.4524,14.19,91.0169,5.3773
Rec-G3_S60_1,60s,0,9,9,80.9936,87.6629,91.0087,93.3229,94.0507,95.1064,0.0,6.6693,10.0151,12.3293,13.0571,14.1128,90.3575,5.2982
